thepaper,共享单车行业首起并购：永安行子公司收购哈罗单车,2017-10-25 07:50,共享单车行业首起并购案诞生。10月24日晚间， 常州永安公共自行车系统股份有限公司(永安行，603776)在官网披露，该公司的参股公司江苏永安行低碳科技有限公司（以下简称“低碳科技”），与上海钧正网络科技有限公司（以下简称“钧正科技”）签署了协议，约定低碳科技受让上海钧正网络科技有限公司100%股权，未来低碳科技与钧正科技双方业务将进行合并。上海钧正网络科技有限公司是一家主要经营共享单车业务的公司，经营品牌为哈罗单车。永安行称，本次交易完成后，将进一步增强低碳科技在共享单车业务的市场竞争力。永安行成立于2010年，今年才刚刚上市，因其有少量共享单车业务，因此被称之为“共享单车第一股”。实际上，永安行的核心业务是公共自行车系统生产运营，共享单车项目占永安行的营收比重其实非常低。招股书显示，永安行业务模式主要包括公共自行车系统销售、公共自行车系统运营服务、用户付费共享单车、骑旅业务四种。2016年上述四项业务的收入分别为2.39亿元、5.33亿元、36.8万元和96.5万元，占总营收的比重分别为30.9%、68.9% 、0.05%和0.12%。官网资料显示，哈罗单车去年9月创立，运营“Hellobike”共享单车品牌。今年7月，宣布入驻城市突破100座，9月宣布注册用户突破3000万。
thepaper,哈罗单车谈与永安行共享单车业务合并：将获得更强股东支持,2017-10-25 11:17,共享单车行业首起并购案花落永安行低碳和哈罗单车。10月25日上午，哈罗单车CEO杨磊确认“哈罗单车与永安行低碳科技有限公司（下称“永安行低碳”）合并”，他本人将出任新公司CEO。杨磊发给哈罗单车全体员工的内部信也证实了这一消息。而双方合并，这将是对哈罗单车的重大利好，今后将有更充足的资金和更强的股东支持。永安行低碳系常州永安公共自行车系统股份有限公司（永安行，603776）的参股公司。永安行成立于2010年，今年才刚刚上市，因其有少量共享单车业务，因此被称之为“共享单车第一股”。永安行低碳主要负责共享单车业务。哈罗单车的业务包括共享单车及共享电单车。哈罗单车近期披露的数据显示，目前已经进驻100多个城市，日均订单达到900万单，注册用户数量接近4000万。今年9月下旬，哈罗单车和山东东营签订智慧交通战略合作协议，主导东营城市智慧交通建设，同时和b+轮投资方威马汽车宣布启动4+2（四轮+两轮）合作。哈罗单车借此宣布转型城市智慧交通运营商。杨磊透露，目前哈罗单车已经和40多个城市达成智慧交通层面的合作，哈罗单车将主导或参与这些城市的智慧交通建设和运营。公开资料显示，永安行低碳的股东还包括蚂蚁金服、深创投等。杨磊表示，本次合并完成后，哈罗单车将成为永安行及蚂蚁金服重要的战略合作伙伴，并将在共享单车、共享电单车、共享汽车等业务领域，推动和蚂蚁金服、永安行以及众多合作方的合作。“与永安行低碳业务合并之后，新公司的实际业务将由哈罗单车团队负责，我们将获得更加广阔的发展空间和充分的资源支持，这是哈罗单车创业以来做出的最重要和最有价值的决定！”杨磊在内部邮件中表示。蚂蚁金服方面也表示，蚂蚁金服和永安行在公共自行车领域有长期的业务合作，永安行的参股公司永安行低碳和哈罗单车的合并，将给绿色出行行业带来积极的意义，并为广大用户提供更便捷、更普惠的出行服务。绿色公益事业是蚂蚁金服的核心战略，我们看好共享经济行业的前景。蚂蚁将秉着开放合作的态度，支持所有合作公司的业务发展，共同推动共享经济和绿色出行行业的发展。杨磊表示：哈罗单车坚定看好共享单车的市场前景，通过和永安行低碳的强强联合以及未来和蚂蚁金服、永安行的战略合作，获得更好的战略地位和战略机遇。另据哈罗单车高层人士透露，哈罗单车已于9月份开始在全国范围内启动新用户免押金的测试，手机尾号为0的新用户将享受免押金骑行服务模式，目前已经有超过200万哈罗新用户享受了免押金骑行服务。杨磊表示：新用户免押金是与支付宝合作的，免押金将是整个共享单车行业的趋势，哈罗单车将顺势而为。
thepaper,小鸣单车回应20分钟计费41万：免费骑行订单暴涨致故障,2017-04-22 17:58,骑共享单车20分钟，计费41万元。这条消息近日在社交网络中引起关注。为了留下证据，施先生把单车拉到派出所。据杭州媒体报道，浙江嘉兴的一位市民4月18日选择了小鸣单车出行，但仅仅骑了20分钟，关锁还车后，App还在疯转，计费竟达41万元。该市民受到了惊吓，找来一辆皮卡车，将出现问题的自行车运到了派出所，找到民警报了警。可民警说，这事他们也没办法解决。直到次日下午（19日），该市民才联系上小鸣单车的客服热线。经过处理，该市民再次登录系统后发现，App终于显示费用清零了，只扣掉了实际租车的0.5元。为何会出现这样的情况？小鸣单车方面回复澎湃新闻（www.thepaper.cn)称，平台近期正在对App系统进行升级，与此同时，4月17日至4月24日期间，公司在部分城市推出了世界地球日免费骑行活动，突然暴涨的订单量让系统无法承受，就出现了这个情况。小鸣单车方面表示，该问题主要出现在杭州、深圳等用户数较多的城市，但遇到该问题的用户也不多，“比如深圳市场就只有八九个用户反映该问题。”“但是这都是App上的显示问题，我们系统并不会真正扣取多余的费用。在免费骑行的区域，最后是不会扣取任何费用的。”小鸣单车方面称。“对出现该问题的用户，我们采取了实际费用双倍返还的措施，以表达我们的歉意。”小鸣单车方面表示。对于客服电话为何迟迟打不通的问题，小鸣单车解释说，开展免费骑行活动以来，客户数暴增也让咨询电话突然增多，但公司座机数量有限，所以就导致客服电话难以打通，“但用户可以通过App向后台上传故障信息，我们线上的处理速度会非常的快。”小鸣单车方面表示，“情况发生后，我们连夜排查原因，当时是因为App升级刚刚进行，现在已经没有这样的情况出现。”公开资料显示，小鸣单车成立于2016年9月，由原宅米联合创始人兼首席运营官金超慧创办，核心团队来自滴滴出行和UBER，智能硬件团队由有30多年自行车研发经验的中国第一代自行车工程师组成。凯路仕董事长邓永豪也以联合创始人身份加入小鸣单车创始团队，负责其产品研发、经营战略、供应链整合等方面的工作。2016年10月20日，小鸣单车宣布完成了B轮融资，不过融资额和投资方都没有透露。而在此之前的10月8日，小鸣单车刚刚宣布完成1亿元的A轮融资。目前，小鸣单车的投放分布在上海、广州、北京、杭州、汕头、无锡等城市。
thepaper,绍兴查扣200辆“小鸣单车”：管理办法出台前拒绝所有单车,2017-04-24 16:37,澎湃新闻（www.thepaper.cn）24日从浙江绍兴市越城区综合行政执法局了解到，因“未经审批占用城市道路开展经营活动”，小鸣单车200多辆共享单车于当日上午被该局暂扣。 4月23日，绍兴市越城区综合行政执法局巡查人员在街头巡查时发现，街道上多了很多蓝色的共享单车——小鸣单车，不少市民租车骑行，在一些路段已经出现了乱停现象。24日上午，当地城管、交警等部门联合召开会议，对未经审批就进入绍兴市的小鸣单车做出暂扣处罚。  据媒体报道，4月23日，首批1000辆小鸣单车投放绍兴，市民可于4月23日至27日免费骑行。据小鸣单车绍兴地区负责人介绍，绍兴有完善的非机动车停车区域设置，小鸣单车会优先考虑投放在政府划定的公共停车区域内。另外还会选择性地投放于各大商圈、大型住宅区、交通枢纽等热点地带，让更多人在需要用车时能看到小鸣单车。 “到目前为止，绍兴只有小鸣单车进入，但是未经过审批。此前摩拜单车曾和我们进行过沟通，表示想进入绍兴市，目前我们还没有批准。为避免共享单车无序进入影响城市管理，在我们的管理办法未出台之前，所有单车企业都不能进入，目前绍兴市共享单车管理办法的初稿已经拟定。正式发布后，在总量控制的前提下，符合要求的企业都可以进入。”绍兴市越城区综合行政执法局副局长黄伟告诉澎湃新闻。 据了解，在24日上午，有200多辆“小鸣单车”被暂扣，其余车辆将陆续由单车企业负责运走。
thepaper,小鸣单车频曝押金难退背后：创始团队已退出，银行无监管义务,2017-08-16 08:27,被称为共享单车第二梯队代表的小鸣单车，也传出押金难退的消息。澎湃新闻记者在小鸣单车官方微博上看到，有用户8月6日在留言区表示，“6月15日申请的退押金！打了十几次客服电话，除了让我耐心等待还是耐心等待！”还有用户留言，软件显示已退，但实际钱并没有到账，“我不知道你们什么情况，小鸣单车上显示押金已退，为什么钱还没有到账。”对此，小鸣单车方面回应称，“这样的用户是个例，是技术原因，一般有用户反映这样的问题给我们客服，我们都是马上通知技术处理的。”小鸣单车的押金为199元。但澎湃新闻（www.thepaper.cn）记者在体验小鸣单车的退款流程后发现，退款过程并不顺利，在app上公布的1-7个工作日期限内，记者没有收到押金退款。最后通过小鸣单车在官方微博上提供的绿色通道，记者终于收到了退款，而时间已经过去了9个工作日。而小鸣单车存放用户押金账户的银行——华夏银行广州分行相关负责人告诉澎湃新闻，该公司在华夏银行广州分行开立的结算账户为一般存款账户，所有的资料及手续均按照一般存款账户开立标准办理，“我行无须履行三方监管义务。”另外，澎湃新闻记者还得知，小鸣单车最初的创始团队已于2016年底全部退出，目前小鸣单车董事长是其A轮投资方——单车品牌凯路仕董事长邓永豪。小鸣单车官方微博留言区，有大量用户要求退押金。企业回应：是个例，技术原因澎湃新闻记者于8月14日注意到，小鸣单车于7月23日发布的一条微博下，已经有2000余条留言，大部分都在要求退押金。记者于8月15日再次登陆小鸣单车官方微博时发现，该条微博已被删除，且部分网友留言较多的微博也已被删除。但记者在微博上还能搜到网友发布的截图。有用户对澎湃新闻记者表示，她于7月初申请了退款，平台一直显示处理中，对于未退款的原因，客服一再表示申请未成功，原因为用户网络异常，直到8月14日上午，该用户才收到退款，“反正客服只会说一句，7个工作日内会退的，其他的，怎么问都不说。”还有用户告诉记者，他于7月11日发起退还押金的申请，但迟迟未收到钱，直到他发了微博，才得知可以私信小鸣单车的客服通过绿色通道退钱，他最后于8月4日才收到退款。澎湃新闻发现，进入7月底，陆续有小鸣单车押金难退的消息传出。对此，小鸣单车在发给澎湃新闻（www.thepaper.cn）的回应中表示，“这样的用户是个例，是技术原因。”小鸣单车方面对澎湃新闻记者表示，“不是我们一家有这样的情况，为什么我们集中，主要是我们在网络上没有做管理、防范，很多用户在微博贴吧（反映情况），我们人工客服找他们要相关账号或手机号，用户又不愿意，导致退款不成功，最终用户情绪爆发。此外，我们目前在一二线城市缩减新车投放，同时也在做电子围栏管理，用户发现找不到我们车辆，也在集中退款。”“这样的情况还是少部分，我们内部测试显示，可以退得很快，基本上可以秒退。”小鸣单车方面表示。澎湃新闻记者在摩拜、ofo、小蓝单车、酷骑单车客户端分别发起了退还押金的申请，都在很短的时间内收到退款。一条有2000余条留言的微博已被删除，其大部分留言要求退还押金。体验：两个账号申请退押金均不成功小鸣单车退押金到底有多难？澎湃新闻记者于7月28日在小鸣单车客户端发起了退押金的申请，客户端显示，到账时间为1-7个工作日内原路退还，退款分三个步骤：提交申请（退款至支付宝）——处理中——处理成功。但直到8月8日，已经超出了规定的7个工作日，记者仍未收到199元押金退款。而客户端却显示处理成功。这笔钱去了哪里？小鸣单车客服人员查询后告诉记者，可能是因为手机网络信号问题，记者于7月28日发起的退款申请并没有成功， 并建议记者将软件退出后重新登录，再次提交退款申请，并表示，需要再等待1-7个工作日。澎湃新闻记者发现，在7月28日发起的退款申请中，没有显示具体的创建时间，在记者退出系统重新登录并提交退款申请后，才出现了具体的申请创建时间：2017.8.8 15:29。小鸣单车官方微博在回答网友留言时表示，私信可获取退款绿色通道链接，24小时内会安排退款。根据客服发来的链接，记者填写了“微博或微信昵称”、“注册号码”、“遇到的问题”三项内容。与此同时，记者用另一个小鸣单车账号也发起了退款申请。当天晚上8时16分，第一个账号在记者第二次提交退款申请，并填写绿色通道资料后显示处理成功，不过记者的账户直到8月9日13时25分才收到退款。另一个申请退款的账号直到8月15日记者发稿前，还显示停留在“处理中”的阶段。澎湃新闻记者于8月8日发起的退还押金申请，目前还处于“处理中”的状态。押金存款银行：开立的是一般存款账户，银行无须履行三方监管义务据澎湃新闻了解，小鸣单车在华夏银行广州分行开立了存放押金的银行账户。华夏银行广州分行相关负责人告诉澎湃新闻，该公司在华夏银行广州分行开立的结算账户为一般存款账户，所有的资料及手续均按照一般存款账户开立标准办理，“我行无须履行三方监管义务。”根据中国人民银行发布的《人民币银行结算账户管理办法》，单位银行结算账户按用途分为基本存款账户、一般存款账户、专用存款账户、临时存款账户。基本存款账户是存款人的主办账户，存款人日常经营活动的资金收付及其工资、奖金和现金的支取，应通过该账户办理。而一般存款账户则用于办理存款人借款转存、借款归还和其他结算的资金收付，可转账但不能办理现金支取。华夏银行广州分行相关负责人表示，从流水情况看，客户有较多的进出交易，不好判断是否挪用。澎湃新闻注意到，共享单车企业的押金安全一直备受关注，头部企业都相继与银行建立了战略合作，以规范押金管理：今年2月28日，摩拜单车和招商银行宣布达成战略合作，双方在押金监管、支付结算、金融、服务和市场营销等方面展开全方位合作；4月21日，ofo小黄车宣布与中信银行达成战略合作，双方在共享单车押金托管、授信支持、市场营销等方面展开合作；6月28日，酷骑单车也宣布与民生银行就押金监管等问题，达成战略合作。8月3日，交通运输部等十部委发布的《关于鼓励和规范互联网租赁自行车发展的指导意见》中明确，鼓励采用免押金方式提供租赁服务，企业已收取押金或者预付资金的，要在注册地设立专用账户，实行专款专用，完善退还制度，接受交通、金融等主管部门监管。企业应建立完善用户押金退还制度，加快实现“即租即押、即还即退”创始团队已退出，投资人接手公开资料显示，小鸣单车成立于2016年9月，由原宅米联合创始人兼首席运营官金超慧创办，核心团队来自滴滴出行和Uber，智能硬件团队由有30多年自行车研发经验的自行车工程师组成。小鸣单车曾在1个月内，宣布了3次融资：2016年9月27日，小鸣单车公布了数千万人民币的天使轮投资，投资方包括联创永宣冯涛和多位上市公司背景股东；2016年10月8日，小鸣单车再次公布了由单车品牌凯路仕董事长邓永豪领投，部分上市公司背景股东跟投的1亿元A轮融资；2016年10月21日，小鸣单车又宣布顺利完成了B轮融资，不过融资额和投资方都未透露。公开资料显示，在A轮投资中，邓永豪也同时加入小鸣单车创始团队，全面参与小鸣单车的经营战略、产品研发和供应链整合等业务。澎湃新闻了解到，在完成A轮融资后不久，小鸣单车最初的创始人金超慧等逐渐退出了小鸣单车的管理。2017年7月，小鸣单车再次宣布获得B轮融资。对此，小鸣单车方面解释称，小鸣单车2016年刚成立时有一个团队，CEO为金超慧，当时对外宣称的B轮融资最后并没有完成。最初的创业团队目前已经完全离开小鸣单车创业，“出现这样的问题，是因为两个团队对外发声不同，衔接上可能出了些问题，至少现在是2017年7月才完成B轮融资。”据介绍，目前小鸣单车董事长为邓永豪，CEO陈宇莹为邓永豪引进，她先后供职于阿里、腾讯，曾任腾讯电商战略投资中心总监，还曾任途家网COO。有小鸣单车员工告诉记者，他于2017年初入职小鸣单车以来，并没有听说过创始人金超慧，只知道公司最初是由另外一个团队创办。公开资料显示，小鸣单车的投放已覆盖珠三角、长三角，目前公司大力推进的电子围栏也已经在广州、上海等城市落地。
ifeng,三星Note7自燃案宣判，芝麻分750以上可办理新功能，ofo出新政策,2018年11月24日 11:34:00,下面是今天的其他大新闻（ 新浪科技 ）11 月 23 日上午消息，微博网友@ 不老的老回 （ 下称：老回 ）3 年前因 “ 自己购买的三星 Galaxy Note 7 （ 下称：Note 7 ）爆炸 ” 对三星进行起诉，维权三年今日在广州越秀区人民法院一审宣判。一审判决如下：法院仅支持原告回先生诉求中，原价赔偿烧坏的笔记本电脑一项，驳回了回先生其他诉讼请求，认定被告三星中国公司不存在欺诈的故意。三星向新浪手机回应称：一直以来，三星电子都将产品质量和用户安全作为首要任务！我们尊重法院的判决，中国三星电子将继续为用户推出更优质的产品，并坚守做中国人民喜爱企业的长期承诺。原告表示将继续上诉。事件起因：老回于 2016 年在 9 月 26 日购买了三星 Note 7 手机，可使用不到 13 个小时就在其家中爆炸。3 天后三星宣布可承诺中国用户使用 Note7 的安全性和可靠性。而期间，不止是老回，其他使用三星 Note 7 手机的中国用户发生爆炸十余起。与此同时，中国大陆之外的地区，三星已经对因电池爆炸的 Note 7 进行召回。（ IT之家 ）11 月 23 日消息 现在支付宝芝麻信用里新上线了加拿大签证报告申请，芝麻分 750 分及以上可申请办理。这意味着办理加拿大签证，你可能不需要再提供繁琐的银行存款证明或者银行流水了，只要你的芝麻信用达到 750 分就可以。在支付宝芝麻信用——信用管理下，打开信用签证，即可出现要办理的芝麻签证报告的国家，列表中已出现加拿大，更多国家和地区解锁中。据了解，中国和加拿大互发旅游签证有效期最长为 10 年，只要护照有效期足够，签证有效期最长可达 10 年。拿到加拿大 10 年多次往返签证后（ 每次可至多停留 6 个月 ），持证进入另外 9 个国家和地区可免签。（ 新浪科技 ）ofo 今日在 App 里发布通知称，ofo 99 元押金用户一键升级成为 ppmoney 的新用户后，可实现永久免押金骑行。据 ofo App 活动详情介绍称，ofo 99 元押金用户一键升级成为 ppmoney 的新用户后，即认可并同意将 ofo 99 元押金成功升级变为 ppmoney 的 100 元特定资产。升级成功后，特定资产默认出借 ppmoney 新手福利项目，该项目历史年化利率 8%+8％，锁定期为 30 天，锁定期满后用户可申请退出，并在退出成功后可获取相应本息。ofo 方面确认，收到该活动邀请的用户，可自主决定是否参与此活动。参与后则可实现永久免押金骑行。（ 环球时报 ）据美国 《 麻省理工科技评论 》 杂志报道，当地时间 11 月 21 日，麻省理工 （ MIT ） 的研究人员在 《 自然 》 杂志上发表的一篇论文称，他们创造并试飞了第一架不需要任何活动部件的飞机。这架 2.45 千克的实验飞机不依靠任何旋转涡轮叶片的推动，而是直接使用电动力推进的情况下自主飞行了 60 米。研究人员认为，如果这种技术实现在大尺寸上的运用，那么将能够生产出更安全、更安静、更易于维护的未来飞机。最重要的是，这种技术可以完全不释放燃烧后的排放物，因为整个飞行过程完全由电池来作为能源。据报道，这种飞机能够飞翔是依靠一种被称为电动力推进的过程实现的，这一想法自 20 世纪 60 年代以来就一直存在。与典型的旋转螺旋桨推进相比，电动力推进的概念更难以可视化，因为它的推进过程利用了所谓的离子风，这与我们看到的无扇叶风扇所使用的概念相同。
ifeng,ofo否认用户押金转成P2P投资：非强制捆绑,2018年11月23日 21:41:01,原标题：ofo否认用户押金转成P2P投资：非强制捆绑11月23日消息，ofo在App里发布通知，ofo 99元押金用户一键升级成为ppmoney新用户后可实现永久免押金骑行。据悉，ofo 99元押金用户一键升级成为ppmoney的新用户后，即认可并同意将ofo 99元押金成功升级变为ppmoney的100元特定资产。升级成功后，特定资产默认出借ppmoney新手福利项目，该项目历史年化利率8%+8％，锁定期为30天，锁定期满后用户可申请退出，并在退出成功后可获取相应本息。针对这项活动，ofo官方微博今日晚间发布声明称双方的押金理财合作，用户可以根据自己的实际需求自行选择是否参与该活动，非强制捆绑。ofo方面表示，该活动是在合规前提下的正常市场合作活动，不存在“ofo部分用户押金转成P2P类投资”的说法。双方合作会涉及费用往来，不存在“PPmoney向ofo支付一百元一人的导流费”的说法。以下为“ofo和PPmoney合作情况的联合声明”原文：11月19日，ofo和PPmoney合作推出了全新的市场活动。针对大家普遍关心的问题，ofo和PPmoney在此进行统一说明：1、ofo与PPmoney之间属于正常的市场合作，用户在被充分告知授权内容后，可以根据自己的实际需求自行选择是否参与该活动，非强制捆绑。用户参与活动后，在ofo享受终身免押金骑行的同时，还可在PPmoney享受出借福利。2、该活动是在合规前提下的正常市场合作活动，不存在“ofo部分用户押金转成P2P类投资”的说法。3、双方合作会涉及费用往来，不存在“PPmoney向ofo支付一百元一人的导流费”的说法。4、由于某些合作细节问题，经双方协商后，对该活动进行了暂时下线处理，上线时间将另行通知。ofo和PPmoney的合作，是一次对共享单车用户免押金骑行方式的全新尝试和探索，未来双方还将不断精进，力求给广大用户带来更好的骑行体验，我们欢迎社会各界给予关注和支持。
ifeng, 【虎嗅晚报】D&G创始人用中文道歉；ofo回应“退押金转为网贷”：非强制捆绑 ,2018年11月23日 19:35:24,原标题： 【虎嗅晚报】D&G创始人用中文道歉；ofo回应“退押金转为网贷”：非强制捆绑晚上好。今天的晚报有一个非常硬的广告你必须得看：明天，就在明天！一年一度的虎嗅FM创新节明天就开幕啦，你想见的行业大咖、虎嗅作者都在北京751D PARK等你~图片源自在现场辛苦彩排的你嗅小伙伴好了正式进入晚报时间。辱华风波后，D&G两位创始人今天在微博上发布了致歉录像，用中文向中国人民表达歉意。这段录像并未发布在D&G海外社交媒体账号上。D&G终道歉11月23日，杜嘉班纳在中文微博发布两名联合创始人的致歉录像。两名联合创始人在致歉录像中称，在过去的几天，他们认真地反省对于自己的言行给中国人民及国家带来的一切，感到十分悲伤。“我们的家庭教育教导我们对世界上不同的文化必须报以尊敬。于此，面对我们在文化上理解的偏差，希望得到你们的原谅。”在录像最后，两位联合创始人用中文说道：“对不起”。以及，今天ofo的新操作有点秀——想退个ofo押金还得转成网贷理财呗？11月23日，共享单车平台ofo小黄车在退还押金的过程中，出现押金转入网贷平台的提示。该活动显示，ofo 99元押金用户一键升级成为PPmoney的新用户后，即认可并同意将ofo 99元押金成功升级变为PPmoney的100元特定资产。升级成功后，特定资产默认出借PPmoney新手福利项目。双方的回应是这样的针对ofo小黄车在退还押金的过程中，出现的押金转入网贷平台的提示，ofo表示，“这属于正常的市场活动，用户可以根据自己的需求进行选择。如果选择正常退款，仍然会走正常流程进行，时间为15个工作日。”针对ofo与PPmoney在用户押金理财上的合作，PPmoney方面称，在综合考虑出借人提供的建议与反馈之后，已下线该合作渠道。最新的消息是，ofo与PPmoney发布了联合公告，表示这一活动非强制捆绑，不存在“ofo部分用户押金转成P2P类投资”的说法。说到理财产品，网易理财即将要下线了。网易理财将下线所有产品部分网易理财投资者近期收到了网易发来的短信，称因内部业务调整，公司将于2018年12月1日下线网易理财所有产品。下线后将不再支持资产查询及赎回等操作，用户将只能转由保险公司或基金销售机构做查询和赎回操作，网易理财将无法继续提供相关服务。有媒体就此事向网易理财客服求证，得到的回复为上述内容均属实，正式的公告将于未来几日在网易理财官网正式发布。今天一篇关于金立现状和董事长刘立荣赌博输钱的报道成为了刷屏作，金立官方的回应是这样的——金立回应“死亡之谜”针对《复盘金立死亡之谜》有关金立现状以及董事长刘立荣赌博输钱超过100亿元的报道，金立回应称，发布者发布上述文章，捏造相关事实，严重侵害公司声誉及法定代表人刘立荣显示的名誉，干扰本公司经营活动，欲造成公司混乱，会严重影响金立重组进程，损害债权人和相关方利益，要求发布及登载文章的相关媒体立即澄清事实、删除相关文章。还有一个“回应”，来自货拉拉。司机抗议车贴，货拉拉的回应是——货拉拉司机爆料称，众多货拉拉司机集聚在货拉拉北京总部抗议，称货拉拉强行要求司机在后车窗贴车贴，导致司机因违反道路交通法则而被罚款。对此，货拉拉官方市场部人员表示，司机在加入平台时与平台签订有车贴协议，该协议的签订遵循自愿原则，协议签订后双方遵守。货拉拉还提到，“我们和司机的关系是合作加盟关系，司机是否选择加入我们有其自主选择权益。”投资对A与T来说有多重要？据英国金融时报报道，腾讯投资了接近750家公司，而阿里巴巴也大约投资了350家。这类投资还有一个意外收获：大量数据。通过投资美团点评和饿了么等服务提供商，并将它们整合到自己平台上，阿里巴巴和腾讯为各自的支付应用积累了更多消费者数据和潜在客户。腾讯2017年的利润中，投资收益占22%。阿里巴巴2017财年，投资收益占30%。长期以来，两家公司都热衷于收购。美团上市以来跌的最惨的一天11月23日港股收盘时，美团点评报56.05港元，收跌11.79%，创上市以来最大跌幅，成交逾10亿港元。此前，美团财报显示，第三季度营收190.8亿元，同比增长97.2%，经调整亏损净额24.6亿元，上年同期经调整亏损净额为9.6亿元。Color OS抄袭Flyme OS？OPPO手机公司在Color OS的5周年庆祝活动上表示Color OS 6将引入“无边界”理念，为更多用户带来“屏幕无边框，设计无边界”的设计感知。这让一些魅族粉丝觉得Color OS 6抄袭了魅族的Flyme OS。魅族创始人黄章在魅族论坛上表示，“已经让律师跟进，以及追究离职员工违反竞业禁止协议的法律和经济责任。”接下来为你密集投送几则快讯——加密货币大崩盘据彭博社报道，2018年的加密货币大崩盘正迎来最糟糕的一周。大多数加密货币周五大跌，比特币跌向4000美元，将彭博银河加密货币指数的周跌幅扩大至25%。 这是自1月初加密货币狂热达到顶峰以来最糟糕的五天下跌期。CoinMarketCap.com跟踪的所有加密货币的总市值跌至1380亿美元，从1月初的8350亿美元高峰下跌了近7000亿美元。苹果自动驾驶汽车新专利据外媒报道，美国专利商标局近日公布了苹果公司的一项与其泰坦项目、自动驾驶汽车和系统相关的专利申请。具体来说，该专利涉及一种新型车辆警报系统，可与iPhone、iPad或MacBook等苹果设备同步工作。该方法包括将苹果设备连接到集成于车辆的新型通信和警报系统，当用户正在阅读信息或在观看电影时，车辆通过屏幕上的计算机警报向自动驾驶车辆的驾驶员发出警报。以及，财报一则~11月23日，尚德科技集团公布第三季度财报。报告显示，尚德机构第三季度净收入5.17亿元，同比增长95.8%；毛利4.244亿元，同比增长93.5%；净亏损2.263亿元，同比下降12.7%；新增学员120241人， 较上年同期增长14.5%；预测第四季度净收入为5.4亿元-5.6亿元。以上，祝周末快乐。重要的话要再强调一次，风里雨里雾霾里，虎嗅FM节等着你。
thepaper,小鸣单车CEO：押金难退是技术问题，正转战三四线城市,2017-08-18 17:23,共享单车品牌小鸣单车对近日频发的押金难退问题，作出回应。8月16日，小鸣单车CEO陈宇莹对澎湃新闻（www.thepaper.cn）记者表示，近期确实存在退款难的情况，主要是因为公司技术问题导致。小鸣单车的押金为199元。此前，澎湃新闻曾报道小鸣单车近期频曝押金难退，有用户在微博上称一两个月未收到押金退款。记者实际体验退押金的流程，也未在规定的1-7个工作日内收到退款。对此，陈宇莹解释，目前小鸣单车正在将发展区域从一二线城市转移到三四五线城市，广州、深圳、上海等一线城市的车辆正在陆续被转移至其他城市，导致这些区域的用户发现无车可用，出现集中退押金的情况，“小鸣成立时间尚短，技术层面应对未能很及时。”陈宇莹表示，“所有技术问题都将在下周内解决，公司会积极联系用户退款。希望在一个月内清除积累的异常押金状况。”“押金：主要是企业自己在监管”共享单车押金的监管问题向来备受关注。此前华夏银行广州分行相关负责人告诉澎湃新闻，小鸣单车在华夏银行广州分行开立的结算账户为一般存款账户，所有的资料及手续均按照一般存款账户开立标准办理，“我行无须履行三方监管义务。”陈宇莹表示，“对于押金，我们有专属的账户，在有电子围栏的城市，都和当地合作企业、政府有承诺。我们是通过招标方式进驻的，必须保证押金的安全。”陈宇莹同时还表示，共享单车的押金主要是企业自己在监管，“我们和各地的行业协会都有签订管理办法，之前有提过分城市（监管）等各种意见，但都没有落地的文件，目前的指导意见并没有明确具体应该如何监管，所以我们也在等，每家（共享单车企业）应该都是一样的。”8月3日，交通运输部等十部委发布的《关于鼓励和规范互联网租赁自行车发展的指导意见》中提出，鼓励采用免押金方式提供租赁服务，企业已收取押金或者预付资金的，要在注册地设立专用账户，实行专款专用，完善退还制度，接受交通、金融等主管部门监管。加快实现“即租即押、即还即退”。“转战三四线城市：为避免共享单车带来的乱停放问题”对于为何将业务转移至三四线城市，陈宇莹介绍，为了避免共享单车带来的乱停放问题，小鸣单车正在推进电子围栏项目，“但在上海、广州等共享单车竞争激烈的城市，我们要求用户必须将车辆停在指定区域内，用户会立刻选择别的共享单车品牌。而在中小城市，政府更倾向于只跟一家共享单车企业合作，这样更便于管理。”陈宇莹表示，6月初，小鸣单车在福建的漳州龙海推出了电子围栏项目，前期投放5000辆。车辆必须在特定的范围内骑行，并在指定的区域停放，不按规则停放将被收取一定的费用，“我们做到了每天94%的用户准确停放率，运营3个月只有一辆车辆丢失。”陈宇莹透露，小鸣单车创立于上海，经历过一次创业团队的交接，“最初的创业团队于2016年11月份左右已经退出，相当于将公司卖给了邓总（小鸣单车董事长邓永豪）。”公开资料显示，2016年10月8日，小鸣单车再次公布了由单车品牌凯路仕董事长邓永豪领投，部分上市公司背景股东跟投的1亿元A轮融资。邓永豪也同时加入小鸣单车创始团队，全面参与小鸣单车的经营战略、产品研发和供应链整合等业务。
thepaper,二维码损坏、刹车失灵、坐垫缺失：共享单车为何频掉链子？,2018-10-09 17:14,从地铁车站出来，扫开一辆车，骑行时脚踏空了；再扫开一辆车，却发现链条掉了。最近，武汉不少市民反映，租用共享单车时遇到坏车的几率越来越高，能骑的车越来越少。共享单车为何频频“掉链子”？长江日报记者近段时间进行了探访和微调查。两辆共享单车坐垫都反了、歪了。 本文图均为 长江日报 图百余辆车里“问题车”占两成多记者在街头发现了不少共享单车被损坏的情况。9月21日上午，地铁3号线后湖大道站C1、C2等多个出口处，摩拜、ofo、哈罗等上百辆共享单车扎堆。一辆共享单车停在人行道上，车胎爆裂，后轮严重变形；一辆车的坐垫被严重划伤，倒在地上；一辆车的坐垫不见了踪影，“秃头秃脑”地立在路边；一辆车的链条掉了，正在随风晃晃荡荡。树下还有六七辆共享单车扎堆，有的坐垫歪了，有的龙头掉了，均蒙上了厚厚的尘土。记者粗略统计，百余辆共享单车里，不能骑的占了两成多。记者尝试扫码开锁，连扫两辆ofo小黄车才打开了锁。此时，离第一次扫码已经过去6分钟。记者骑行了四五分钟后，坐垫突然下沉，差点摔倒。记者下车检查发现，原来是固定坐垫的卡扣松了。9月21日晚，地铁4号线楚河汉街站D出口外，共享单车分散在三四处，不少已“伤痕累累”。市民陈小姐选了一辆车扫码开锁后，很快发现这辆车的坐垫稍微一碰就掉了。而其他几辆车，不是车胎没气，就是链条掉了。走访多条地铁的车站出口处和共享单车扎堆的地方后，记者粗略统计，共享单车坏车率少则一成，多则两至三成。“十一”期间，记者还通过微信群、QQ群对300多名普通市民进行了微调查。约七成受访者表示遇到过不能骑的共享单车，主要问题集中在二维码损坏、链条掉了、刹车坏了、坐垫缺失等。一辆共享单车链条掉了共享单车不合格率高于普通自行车共享单车损坏频频的原因，除了自然损耗、运维管理问题、少数市民不爱惜外，车子本身也有质量问题。今年4月，国家相关部门首次开展的共享自行车产品质量专项抽查结果显示，在被抽查的摩拜、ofo、哈罗等7个运营品牌24批次样品中，有3批次不合格，不合格率12.5%，高于近两年普通自行车抽查不合格率。针对车辆损坏、维修人员投入、维修频率等情况，记者联系了摩拜、ofo、哈罗三大共享单车武汉地区公关部门。摩拜武汉地区相关人士回应称，摩拜投入武汉市场已有两年时间，不少车面临维修及淘汰。摩拜将从质量入手，把车制造得更加牢固、耐用；配合智能平台的监测和管理，及时发现和回收出故障的车，维修后再投放；团队会加大运营维护力度，保证车辆的整体完好率等。哈罗武汉地区相关人士则表示，车辆损坏原因中，自然的骑行损坏所占比例较小；人为破坏所占比例较大，一般是随意丢弃单车、撬锁私占单车等。截至记者发稿时，ofo方面暂未给出回应。（原标题：《街头共享单车频频“掉链子”》）
thepaper,杭州新版共享单车规范公示：经营者应为定点停放提供技术接口,2018-10-16 17:29,“投放车辆应具备实时定位功能，并为定点投放、停放提供技术接口”；“经营者应及时回收破旧、损毁车辆，建立重要节假日、重大活动期间的运维保障方案”……新版《杭州市关于促进互联网租赁自行车规范发展的指导意见》10月16日起在市政府官网征求意见。  去年9月30日，杭州市政府办公厅下发《关于杭州市促进互联网租赁自行车规范发展的指导意见（试行）》，有效期为一年。澎湃新闻（www.thepaper.cn）注意到，新《指导意见》在主体定位、基本原则、经营准备与管理、风险防控、退出机制、承租人义务、相关部门管理职责等内容上改动不大，但新增了若干针对经营者的要求。  如投放车辆除了符合技术标准规定，还需具备实时定位功能，并为定点投放、停放提供技术接口。 除了配备与投放规模适应的维保、调度场地、车辆等配套设施，对互联网自行车进行检查和清洁保养，还应及时回收破旧、损毁车辆，建立重要节假日和重大活动期间的运维保障方案，同时建立应急预案，及时处置突发情况。 押金管理上，鼓励经营者通过信用管理、技术创新推行免押金、实时退还押金等方式。  限制和退出机制方面，新增“投放车辆编码未经监管系统登记”一项，与数据提供不完整、不真实，乱停乱放严重，线下运营维护不力等一并作为对经营者提醒无效后采取公开通报并限制投放的原因。  据运管部门二季度对杭州5家共享单车企业的考核结果，杭州有存量共享单车69.4万辆，三季度拟再削减8万辆。
thepaper,成都本月清理12.6万辆共享单车，预计下月实现供需平衡,2018-10-16 20:58,工作人员正在清理共享单车 成都商报电子版 图此前截至8月底，成都全市共享单车累计投放超过180万辆。本月10月11日-15日共清理共享单车126229辆。下月“5+2区域”还将清理回收不少于总量20%的共享单车。 从9月15日开始，每月15日是四川成都市互联网租赁单车集中清理日。成都商报记者15日下午从市城管委获悉，本月集中清理日前后，即11日-15日，成都中心城“5+2”区域，共清理入库共享单车126229辆。根据此前市城管委制定的《2018年10月互联网租赁自行车集中清理日实施方案》（下称《方案》），这些清理入库的共享单车未经允许，不准再次投放运营。《方案》还明确，至11月15日，“5+2区域”还将清理回收不少于总量20%的共享单车，市城管委相关负责人称，“届时超量投放带来的问题会缓解，基本实现供需平衡。”集中清理遏制超量停放本月回收共享单车12.6万辆10月12日印发的《方案》提出，10月互联网租赁自行车集中清理日以“共享单车，文明共享”为主题，以减少街面单车总量、遏制超量停放、无序投放、乱停乱放为重点，全面清除街面大量破损、闲置、超范围停放的单车。工作目标是：至10月15日中心城区“5+2”区域（即成都天府新区、成都高新区、锦江区、青羊区、金牛区、武侯区、成华区），各运营企业清理回收单车数量不少于10万辆。至下月集中清理日，即11月15日，中心城区（5+2区域）单车清理回收数量不少于20%。15日下午，记者从市城管委获悉，中心城区“5+2”区域10月11日-15日共清理入库互联网租赁自行车126229辆，其中：青桔单车30500车辆，摩拜单车33106辆，哈罗单车33165辆，ofo小黄单车29458辆。据市城管委此前的通报，截至8月底，成都全市共享单车累计投放超过180万辆，中心城区集中投放区（成都高新区、锦江区、青羊区、金牛区、武侯区、成华区绕城高速以内区域及成都高新南区延伸至天府五街区域）投放量达到100万辆，超量投放问题十分严重。市城管委相关负责人介绍：“据相关监测数据和估算，‘5+2’区域内30%左右的共享单车基本处于闲置或使用量极低的状态，属于超量投放的部分。我们通过9月-11月三个月的集中清理日，将基本清理掉这些使用率低、大量占用公共空间的共享单车，缓解超量投放的状况。预计11月的集中清理日过后，上述区域的共享单车投放量基本达到供需平衡的状态。”成立联盟鼓励行业自律入库单车原则上只进不出15日上午，市城管委还组织了“集中清理日文明共享公益活动暨互联网租赁自行车行业自律联盟成立仪式”。现场在蓉运营的青桔单车、ofo小黄车、摩拜单车、哈罗单车、一步单车等企业纷纷表态，表达对集中清理整治的支持，并对履行企业责任提出自己的看法。随后，成都互联网租赁自行车行业自律联盟正式成立，联盟将鼓励自律，“标志着行业进入了政府引导、行业自律、多方联动、协作共赢的新时代”。据介绍，本月的集中清理还有了五项创新清理整治举措。一是打造单车文明停放示范街区。二是建立共享单车企业巡护合作协作机制。三是实施停车场地验收制。为确保清运效果，各互联网租赁自行车企业必须提前准备能够容纳相当规模的单车停放仓库或场地，并通过属地管理部门实地查验，确保满足集中清运停车需要。四是实施单车入库备案制。运营企业应将清运入库的单车唯一编码和停车场地等准确信息上报市、区管理部门备案，纳入市交委互联网租赁自行车数字化监管平台，实行线上监管。同时，各属地街办也应对入库单车实施24小时监管，所有清运入库的单车原则上只准进不许出，未经市、区管理部门允许，入库单车不得二次进入市场运营，以此有效削减街面单车总量。五是建议实施重要点位责任制。各区应在城区所有重要停放点位设立公示牌，明确点位管理责任人和电话号码，实行单车停放实名管理责任制，并设定各企业单车停放数量上限，接受公众监督。（原标题：《大清理！成都集中清运共享单车，本月全市少了12.6万辆单车；预计下月减到供需平衡》）
thepaper,南京共享单车“坟场”困局：清理需交高昂停车费让车企难接受,2018-10-23 09:10,五颜六色的单车，和蓝天白云绿树形成鲜明反差。澎湃新闻记者 袁杰 图9月17日，南京市江宁区静龙山内出现“单车墓道”，1公里多的山路两旁，堆放有数万辆各式品牌的共享单车。沿着山路前行，在堆积如山的乱车堆中，有摩拜单车、ofo单车、哈罗单车……现场不时有车辆发出“嘀嘀”的报警声。随机开锁一辆单车，还可以正常使用。一位附近村民介绍，单车堆放于此已有一年多时间，都是陆陆续续运过来的。中国青年报•中青在线记者调查发现，这些单车都是南京江宁开发区城管部门清拖的违停乱放或无牌无照的共享单车，临时堆放在静龙山内。由于城管部门和共享单车企业在罚款等问题上没有达成一致，被清拖的共享单车一直没有得到及时处理。9月18日，中国青年报•中青在线通过视频报道了此事，得到各方关注。10月21日，中国青年报•中青在线记者再次来到现场看到，大部分单车已被清理，剩下的单车也摆放整齐。南京江宁区经济开发区城管局一位负责人表示，目前，有牌照的单车已在对接各家企业逐一实施归还，并做好日常管理承诺。无牌照单车还在等上级部门指示。30多万辆无牌共享单车谁来清理8月29日，江宁开发区城管部门召集多家共享单车企业开会，给出了一周的最后处理期限，若一周后仍未缴纳罚款取车，被清拖单车或将销毁。按照规定，每辆违规单车要缴纳罚款50元、清车费用15元，但企业普遍对处罚结果有异议，所以车辆堆放问题一直没有解决。“我们愿意协商，分摊清拖车辆的一定成本，但如果只用罚款方式进行管理，我们很害怕看到这样的结果。”摩拜单车南京公关经理文艺告诉中国青年报•中青在线记者。文艺认为，因为扣车过程中处理不当，导致车辆损坏等直接经济损失，“清拖车辆还减少了运营的车辆数量，特别是在车量总量有控制的城市。”10月19日，再次接受中国青年报•中青在线记者采访时，文艺说，目前正在清点车辆，“有牌车辆可以先取回，后续具体处理办法还在等通知。”ofo小黄车南京分区负责人刘硕指出，大批车辆无法投入正常运营，对企业直接造成损失。缴纳罚款取回扣车的形式无形中增加企业负担。为此，摩拜单车在给区城管部门官方回复中提出疑问，认为在相应的《道路交通安全法》和地方行政法规中，没有关于处罚条款的依据。与此同时，江宁区开发区城管部门也在努力寻求法律依据。媒体报道显示，9月10日，江宁区开发区城管局已以书面形式汇报至南京市城管局，恳请并建议南京市城管局上报南京市人民政府，以法律条款的形式，对共享单车企业进行约束。“这么引人注目是因为本区没有专门的停放（共享单车）场地。”南京江宁区经济技术开发区城管局综合执法支队一大队副大队长苏磊称，“像南京其他区县也有上万辆被扣的共享单车，但因为有租赁场地，摆放有序，没有被大量关注。”中国青年报•中青在线记者了解到，静龙山并非只是其中一个停放点，位于江宁高新区的协同停车场同样堆放了近万辆共享单车。南京鼓楼区、建邺区、栖霞区等地也有10多处。苏磊介绍，9月14日，他们向南京市城管局作了共享单车后续处理专题汇报会。按照会议要求，该区将取消处罚，先把有牌车辆归还各家企业，要求其履行相关承诺，加强后期管理。对于无牌车辆的处理，还将等待市政府和市城管局的下一步回复。事实上，值得关注的是大量无牌车如何处理。南京截至今年7月底有63.78万辆。2017年年底，南京公安局车辆管理所在全国率先推出共享单车二维码“牌照”，先后共发放31.7万辆单车牌照。这就意味着大约有32万辆共享单车没有牌照。另一个辅证是，江苏省住建厅提供数据显示南京全城需清理单车超过30万辆。这成为考量南京基层部门处理共享单车的一道难题。谁为维护城市秩序埋单其实，南京共享单车在总量上的配额管理早在去年就已开始。2017年7月20日，南京市交通运输局、南京市公安局、南京市城管局联合发布意见，要引导和规范互联网租赁自行车发展，同时宣布全市暂停新增投放车辆。第二个月，南京鼓楼区率先划定了3个共享单车禁停区域，违者将被清拖。随后，秦淮区、玄武区、建邺区也划定了相应共享单车禁停区域。按照规定，每辆违规单车要缴纳罚款50元及清车费用15元，企业只有通过缴纳罚款才能取回扣车。“我们没法处罚企业，更多是针对骑行人进行罚款。”苏磊表示基层城管部门很无奈。作为一线城管队员，苏磊自嘲这两年更像单车“搬运工”，上上下下搬运、清理至少10万辆单车。他说，一方面，按照上级城管部门规定，需要对相关共享单车企业进行罚款；另一方面，提供处罚依据却无法可依，基层城管部门也因权限不够无法单方面提出要求。为此，他希望城管局等相关部门能够下达强制性的管理措施，比如完善共享单车企业的准入条例，提高准入门槛。另一个值得关注的问题是高昂停车费。在江宁高新区停车场，共享单车存放于此近一年，停车场给城管部门开具了百万元“停车费”，同时加上清理单车时需要的人手、车辆等费用，前后总共花费了近200万元。对企业来说，他们迫切希望实践共同管理的办法，而不是单一的罚款形式。文艺介绍，南京不同区域的城管部门针对本区定位，都采取了相应的运营合作方案。如鼓楼区城管局选择和环卫工人合作，在重点区域定人定岗，整理路面倒伏单车。建邺区城管局则实行了打分制度，排名前列的企业有资格取回扣车。作为南京商圈及景区的秦淮区，该区城管局联合各共享单车企业开展“离心式”管理模式，要求企业按照禁停区、疏导区、投放区分级进行车辆的投放与秩序管理……“希望不同区域可以相互借鉴，我们也会遵循各区城管部门的规则，试点新的管理方法，让车辆管理更有效，追求可持续运营。”文艺说。共享经济更考验市民素质尽管难题未解，各家单车公司也尝试用互联网技术解决难题。ofo小黄车南京分区负责人刘硕指出，去年，他们在南京落地电子围栏技术，也加大了网格化和定人定岗的管理模式。文艺表示，摩拜在南京推进两种电子围栏，运营电子围栏和禁停电子围栏，“试用情况来看，对于之前淤积点或者违停点的清淤，还是很有效的”。苏磊也表示看好电子围栏的发展前景，“如果共享单车不放在指定区域，骑行将不会终止，计费也不会结束”。“政府已制定规范，包括南京、深圳、杭州、北京、广州等城市在内，除了设置总量，还对车辆维护、停放作了相应规定，例如开放白名单、禁停区和建立电子围栏。”中国政法大学传播法研究中心副主任朱巍说。朱巍表示，规范的制定是为了更好地依法治理，“但重点还是在治理，其中的一个难题就是由谁来治理，企业还是政府？”现实中，清拖和集中暂存成为基层城管部门治理的一个办法，共享单车“坟场”由此形成。“由政府治理的话，成本很高，但不少企业如今也是步履维艰，线下调配车辆与维护都需要一定成本。”朱巍说。“以前自行车之城离我们远去，大部分道路让给机动车，但现在看来交通拥堵，是不是咱们的路权发展出现偏差？”朱巍认为，不应当将道路空间全部用于机动车行驶，应将路权向自行车倾斜。在朱巍看来，共享经济是素质经济，共享单车出现问题环环相扣，从市民出行角度来说，如果市民不遵守规则，会增多损坏。“如果素质跟不上，成本投入太大，资本整合没有完成，那么运营成本和占有市场耗费的成本会更高，导致资本缩进，就更没办法去维护越来越多损坏的车辆”。（原题为《南京共享单车“坟场”处理困局调查》）
ifeng,ofo否认将用户押金转成P2P投资：非强制捆绑,2018年11月23日 19:54:01,原标题：ofo否认将用户押金转成P2P投资：非强制捆绑PingWest品玩11月23日讯，今日，ofo和PPmoney发布联合声明，称双方的押金理财合作，用户可以根据自己的实际需求自行选择是否参与该活动，非强制捆绑。也不存在“ofo部分用户押金转成P2P类投资”的说法。ofo近日在App里发布通知称，ofo 99元押金用户一键升级成为ppmoney的新用户后，即认可并同意将ofo 99元押金成功升级变为ppmoney的100元特定资产。升级成功后，特定资产默认出借ppmoney新手福利项目，该项目历史年化利率8%+8％，锁定期为30天，锁定期满后用户可申请退出，并在退出成功后可获取相应本息。ofo和PPmoney发布联合声明称，该合作是正常市场合作活动，不存在“ofo部分用户押金转成P2P类投资”的说法；双方合作会涉及费用往来，但不存在“PPmoney向ofo支付一百元一人的导流费”的说法；此外，由于某些合作细节问题，经双方协商后，对该活动进行了暂时下线处理，上线时间将另行通知。更多精彩请关注我们的微信公众号：wepingwest新闻线索请投稿至：wire@pingwest.com
ifeng,ofo回应PPmoney网贷下线：合作细节问题,2018年11月23日 19:55:04,原标题：ofo回应PPmoney网贷下线：合作细节问题融资难，并购难，找好车难，退押金难……一度风光无限的ofo小黄车彻底陷入了风雨飘摇，尤其是关系到广大用户切身利益的押金问题，退款时间一再延长，如今已长达15个工作日。今天，所有人都没想到的一幕出现了。ofo APP内突然发出通知，99元押金用户可一键升级为PPmoney新用户，默认同意将ofo 99元押金升级为PPmoney 100元特定资产，并默认出借给PPmoney新手福利项目，历史年化利率8％+8％，锁定期30天，期满后用户可申请退出，并获取相应本息。根据官方介绍，PPmoney是中国互联网金融协会理事单位，获得了6亿元C轮融资，号称专业银行资金存管，资产透明小额分散，实力风控，稳健运营6年，用户突破3500万。ofo此举一出引发普遍争议，纷纷质疑ofo这是要进军P2P，而前段时间P2P的频频爆雷仍然让人心有余悸，斐讯、极路由等都因此几乎垮掉，ofo这是要干啥？很快，PPmoney就回应称与ofo之间的合作是正常的异业合作尝试，属于商业行为，用户可根据实际需求进行选择，并非强制捆绑，而在综合考虑出借人提供的建议与反馈之后，已下线该合作渠道。据媒体最新报道，ofo方面也对此做出了回应，称是双方协商下线，因为某些合作细节问题，暂时下线了该活动，上线时间另行通知。
ifeng,ofo与PPmoney合作不满一周便下线，否认押金转成P2P类投资说法 | 钛快讯,2018年11月23日 20:35:00,原标题：ofo与PPmoney合作不满一周便下线，否认押金转成P2P类投资说法 | 钛快讯图片来源：视觉中国上线未满5日，ofo和PPmoney就下线了其押金转P2P类投资的市场活动。近期，有用户发现，共享单车平台ofo小黄车在退还押金的过程中，出现押金转入网贷平台的提示。根据ofo的押金新政策，用户99元押金升级为PPmoney新用户的100元特定资产。根据说明，ofo 99元押金用户一键升级为PPmoney的新用户后，即认可并同意将ofo 99元押金成功升级变为PPmoney的100元特定资产。升级成功后，特定资产默认出借PPmoney新手福利项目，享受历史年化利率8%+8%的新手福利，锁定期30天，锁定期满后用户可申请退出，并在退出成功后获取相应本息。源自网络对此，ofo回应称系正常的市场活动，用户可以根据自己的需求进行选择。如果用户希望正常退款，ofo表示仍可走正常流程进行，时间为15个工作日。根据公开资料，PPmoney系广州一家P2P理财借贷平台，由万惠投资管理有限公司运营。今年7月14日，刚刚获得6亿元人民币的C轮融资。根据界面新闻的报道，PPmoney相关负责人表示，当用户同意授权把押金转换成PPmoney投资后，PPmoney向ofo支付一百元一人的导流费，还包括利率。这个活动目前尚在测试阶段，测试时间为一周，今天结束，后期会不会继续合作，要评估转化率。从理性角度上讲，这个100块的导流成本比行业的获客成本低。近日，有多家媒体报道了ofo押金难退的新闻，有观点认为通过导流，ofo降低了用户挤兑押金的风险。对此，ofo方面在回复钛媒体的说明中称，此次活动是“一次对共享单车用户免押金骑行方式的全新尝试和探索”，也是ofo与PPmoney之间正常的市场合作，用户在被充分告知授权内容后，可以根据自己的实际需求自行选择是否参与该活动，非强制捆绑。用户参与活动后，在ofo享受终身免押金骑行的同时，还可在PPmoney享受出借福利。值得一提的是，ofo与PPmoney称活动是合规前提下的市场合作，“ofo部分用户押金转成P2P类投资”的说法不存在。而双方合作会涉及费用往来，同样不存在“PPmoney向ofo支付一百元一人的导流费”的说法。对于活动暂时下线的原因，ofo方面称由于某些合作细节问题，经双方协商后，做下线处理，上线时间将另行通知。（钛媒体编辑高梦阳整理）
ifeng,ofo否认用户押金转成P2P投资：非强制捆绑,2018年11月23日 21:11:00,11月23日消息，ofo在App里发布通知，ofo 99元押金用户一键升级成为ppmoney新用户后可实现永久免押金骑行。据悉，针对这项活动，ofo官方微博今日晚间发布声明称双方的押金理财合作，用户可以根据自己的实际需求自行选择是否参与该活动，非强制捆绑。以下为“ofo和PPmoney合作情况的联合声明”原文：11月19日，ofo和PPmoney合作推出了全新的市场活动。针对大家普遍关心的问题，ofo和PPmoney在此进行统一说明：1、ofo与PPmoney之间属于正常的市场合作，用户在被充分告知授权内容后，可以根据自己的实际需求自行选择是否参与该活动，非强制捆绑。用户参与活动后，在ofo享受终身免押金骑行的同时，还可在PPmoney享受出借福利。2、该活动是在合规前提下的正常市场合作活动，不存在“ofo部分用户押金转成P2P类投资”的说法。3、双方合作会涉及费用往来，不存在“PPmoney向ofo支付一百元一人的导流费”的说法。4、由于某些合作细节问题，经双方协商后，对该活动进行了暂时下线处理，上线时间将另行通知。ofo和PPmoney的合作，是一次对共享单车用户免押金骑行方式的全新尝试和探索，未来双方还将不断精进，力求给广大用户带来更好的骑行体验，我们欢迎社会各界给予关注和支持。
ifeng,谁差点“杀死了”ofo？,2018年11月22日 20:13:00,原标题：谁差点“杀死了”ofo？从被资本助推围宠，到橙黄之战、南北对峙，再到如今的自身难保，ofo创始人戴威到底还是看清了现实，他在内部会议上主动“认错”。只是，当下ofo亟待解决的不再是戴威想不想卖，而是谁愿意做接盘侠。本文来自微信公众号：经济观察网（ID：eeojjgcw），作者： 钱玉娟。“消失”几个月后，创始人戴威终于回归了ofo。即使10月底，已有一家大型券商中介机构入场做ofo破产重组方案的消息下，戴威也未露面，而是ofo官方发声明辟谣。关于戴威的动向，ofo前成员、接近戴威人士对经济观察报记者透露，10月份戴威经常带团队去新加坡，很少在国内，他在新加坡有一个区块链公司。就此记者向ofo官方求证，公关方面回应，“戴威就在他北京的办公室工作，经常见。”互联网金融中心5层，11月14日下午，戴威在这里与在职员工进行了长达一个半小时的内部会议。戴威会上表示，“看到公司还在”，一下子改变了曾经“想着要不要干脆倒闭，承认自己失败”的想法。当被员工问及“公司会不会被收购、会不会破产”的问题时，他给出的答案是——“ofo被收购、合并都有可能，但不可能破产。”上述ofo前成员、接近戴威人士对记者唏嘘道，假如ofo与摩拜合并或者像摩拜一样早点引入新的战略投资者，ofo的命运可能会改写，但历史无法倒退，极度缺钱和激进扩张的“悖论”，让ofo一路走的不易，中间创始团队和资本方之间的内耗，也一定程度造成了今日的局面。创始人的反思在创业纪录片《燃点》中，经纬中国创始管理合伙人张颖曾问戴威，“夜深人静时，你对工作上最大的焦虑是什么？”从小校园步入大社会，面对公司规模不断壮大，戴威坦言，自己对团队管理跟不上感到焦虑。这一回答也恰恰反映出了ofo的内部掣肘。在DCCI研究院院长刘兴亮看来，ofo如今的残局里，身为创始人的戴威需要反思。据悉，由于ofo内部管理随性、松散、粗放，甚至对资金在使用上存在极大的消耗和浪费，不止如此，最为广泛关注的便是巨额融资后ofo内部爆发的贪腐问题。2016年入职ofo的员工刘新比戴威年长一些，在他看来，“多年经验的职业经理人，管理一家风口企业，也不会是一帆风顺的，何况戴威刚毕业就能管理起这样一个独角兽体量的公司，本身就是边干边学。”戴威此前是北大学生会主席，刘新坦言，ofo早期的文化氛围的确沿袭了校园风，但他个人很认同这种非僵化运转下的管理模式，“很有凝聚力，创始团队和普通员工间的关系既亲近又平等。”当然，他也指出，随着员工人数激增，一些外部中高层职业经理人的加入，导致ofo内部文化的向心力下降。但戴威到底需要反思什么？除了管理独角兽企业的能力有待提升外，上述ofo前成员、接近戴威人士对记者透露，“戴威确实早前有一票否决权，但股份不代表企业运营时没有资金压力，而且他的脾气非常执拗，在做决策遭到反对时往往听不进意见，公司高管劝也不会听，一点办法都没有。”这位人士举例道，戴威在一些业务上比如坚持全球大量扩张，加上造车数量之大，没有及时采取变现措施，还对与摩拜合并的提议表示不同意，滴滴给予支持时也表现出不在乎的感觉，“可投资机构一旦感觉创始团队让其尴尬了，自然会给戴威等创始团队断粮。”时间回溯到一两年前，ofo和摩拜都是资本的“香饽饽”，不愁“钱粮”。在ofo和摩拜的摩拳擦掌间，一场场关于融资、补贴营销与圈地投放的竞赛开启。这与此前疯狂烧钱的百团大战、网约车大战如出一辙。经济观察报记者从公开资料中整理获悉，ofo自成立以来共获得了近10轮融资，囊括了金沙江创投、真格基金、天使投资人王刚、经纬中国、滴滴出行、小米、顺为在内的20多家知名投资机构。让ofo创始团队出乎意料的是，去年3月时，ofo平台上日订单已经突破了1000万，成为继淘宝、滴滴、美团之后，中国第四家日订单过千万的互联网平台。记者从公开数据中了解到，ofo在2017年上半年完成了超过10亿美元的融资，开始大量投放新车。当年7月，摩拜宣布获得6亿美元融资后，ofo也紧随其后对外宣布获得了7亿美元E轮融资。然而，让人惊讶的是，如此连续的高额融资，ofo竟然可以在两三个月内“烧光”。在刘兴亮看来，资本进入后，共享单车领域就逐步缺失了原本应有的价值，演变成了资本博弈的游戏。他强调，不断增多的自行车给单车租赁公司造成巨大的存量库存，当共享单车成为负资产时，行业甚至出现残局。就在2017年冬，悟空单车、酷骑单车、小蓝单车、小鸣单车等相继因资金链断裂，陷入倒闭。在“先行者”ofo和“后进生”摩拜的双寡头格局竞争中，也都频频曝出资金吃紧状况。回想当年的滴滴、快的、Uber，就是在资本喂养下，纷纷成为互联网领域的“巨婴”，进而爆发激烈车轮战。而今这些只有两三年商战经验的共享单车企业，并不知道，历史的悲剧开始在它们身上重演。自今年3月起，戴威开始展开调整和变化。据刘新介绍，ofo首先将三四线城市的供应链团队划入“重裁区”，在节省成本寻求自救的同时，ofo还开始寻求新的盈利模式和变现途径。据上述ofo前成员、接近戴威人士向记者透露，面对ofo资金链问题，戴威于今年5月转投区块链项目，既在公司内成立了区块链实验室，还与新加坡区块链团队GSE　Lab合推骑车挖矿，而快的打车创始人陈伟星也曾对外表示，戴威曾多次与其交流ofo如何开始区块链化。此后ofo在6月里将运维人员从12000人缩减至9000人，总部整体员工比例降到50%，管理层发生剧变，戴威都未露面，当时是联合创始人于信对外发声，“这并非裁员，而是重新梳理团队。”此后，ofo收缩海外业务线，被供应链和通信服务商发起诉讼，甚至戴威不再担任ofo运营主体东峡大通（北京）管理咨询有限公司的法人代表……戴威也都未面对媒体或对外发声。裁员、融资难、缩减海外业务、拖欠供应商货款被起诉、押金难退、转投区块链、尝试卖身等真假负面消息层出不穷，让业内很难对ofo抱以乐观情绪，同时一件事显而易见——从被资本助推围宠，到橙黄之战、南北对峙，再到如今的自身难保，ofo创始人戴威到底还是看清了现实，他在内部会议上主动“认错”。只是，当下ofo亟待解决的不再是戴威想不想卖，而是谁愿意做接盘侠。博弈与内耗“共享单车发展到现在已然成了一个笑话，资本打破头涌入的风光，也成就不了一个可持续的商业模式。”一位共享单车供应商负责人对记者说。刘兴亮告诉记者，“共享经济连接供需两端，本身是轻资产的模式，但ofo和摩拜却是自有单车租赁的重资产模式。”刘兴亮告诉记者，共享单车的商业模式不同于滴滴等出行企业，不仅技术创新遭质疑，分时租赁的收入相较超千万量级的车辆投放、硬件损耗及其他管理费用，即便经历了从天使到E轮的十余起融资，ofo很难自我造血。ofo投资人金沙江创投董事总经理朱啸虎一直强调“独立发展”，并在多个场合表态ofo和摩拜两家是针尖对麦芒，“短时间内便将结束战斗”。然而，他在2017年9月突然改口，“目前ofo与摩拜已经占据了95%的市场份额，每个月还要投入大量资金运营，唯有合并才能盈利。”对于“谁合并谁”，朱啸虎认为，“这对资本来说并不重要”，显而易见，他看重的是投资回报。随后在11月份，摩拜和ofo被曝共挪用60亿元押金填补资金缺口，尽管两家公司均未直接回应，但这一消息瞬时让共享单车模式遭受质疑。这让朱啸虎更加强调合并的必要性。“摩拜和ofo再继续打消耗战是没有意义的，在行业还没山穷水尽的时候合并，需要大智慧和大格局。”朱啸虎不断催促着两方就合并进行谈判。作为摩拜单车投资方、愉悦资本创始人刘二海也主张两家合并，但“我反对合并的公司为一家大公司所控制，这是不可接受的。”他口中的大公司指的是滴滴。记者了解到，早在2016年下半年时，滴滴就进入了ofo的投资人队伍，并连续跟投多轮，成为ofo的大股东，拥有一票否决权。当摩拜和ofo的合并建议提出后，滴滴的目的十分明确——它想要成为合并后公司的控制者，这让在资本博弈中的戴威难以接受，他靠着创始人的“一票否决权”与滴滴分庭抗礼，果断拒绝了合并方案。“非常感谢资本，助力了企业的快速发展，但是也希望能尊重创业者的理想。”戴威公开强调自身及团队的“独立性”。这一举动让力推ofo和摩拜合并的朱啸虎直接于2017年年底，向阿里转让了持有股权，退出ofo。即便如此，当年的ofo年会办得是极为热闹。戴威为十名优秀员工颁发了证书，还分别“犒劳”了牧马人、期权及额外四个月的工资奖励。要知道，当时ofo的账面上已接近赤字。而热闹过后的戴威，只得向巨头“请求援助”。为了缓解资金压力同时制衡滴滴，ofo不仅拿下了阿里旗下蚂蚁金服的投资，甚至在今年1月以抵押动产的方式获得阿里17.7亿元贷款，后又在3月通过股权与债券并行的方式获得了阿里领投的8.66亿美元，使阿里直接进入了ofo董事会。夹在滴滴和阿里之间的ofo，原想择一良木而栖，却未料想滴滴托管了小蓝单车，并加紧推进“青桔单车”，而阿里则不断战略投资哈罗单车，且无意对ofo进行并购。最让ofo意想不到的是，最大的竞争对手摩拜竟选择了“卖身”美团。“一直都坚持公司独立发展”的摩拜CEO王晓峰感到很无奈“团队也犯了很多错误，胳膊拧不过大腿，在中国创业公司永远绕不开各种巨头……”起初业内不明白王晓峰缘何叹息，直到并购案细节被披露出来，才发现这一结果完全受大股东意志主导，连创始人胡玮炜都无可奈何。胡玮炜在采访中表达着自己的切身感悟。戴威看到，行业正在进入巨头收割阶段，独立生存的ofo危机四伏。就在摩拜归入美团麾下的几个月里，ofo被传收购、资金链断裂数次，就连曾经执着于收购ofo的滴滴也降低了购买意愿，这让ofo的估值一再走低。当胡玮炜卖掉摩拜，实现财务自由时，业内不少艳羡的声音发出。但戴威有自己的打算，他期待ofo能逆袭。除了危还剩什么11月6日，记者来到互联网金融中心5层，只见玻璃门上贴有“ofo共享单车——随时随地有车骑”的宣传语，大厅里展示着三辆小黄车，正前方是一个大大的ofo标志。来这进行写字楼服务咨询的中介李尧，趴在玻璃门上朝里望。李尧对ofo前办公地理想国际大厦很了解，“ofo早前在理想国际有四层办公楼，后来变成两层。”ofo在今年9月失去10层及11层的使用权。“整租楼层的公司租期一般为三年，即使租约到期，也需至少提前三个月跟物业说，他们才会通知我们（中介）。”李尧纳闷，ofo搬到理想国际一年左右，物业上周（大约11月1日）告知他，可寻找新的待租企业了。“说是租约到期，可这也太突然了。”记者在访客区看到，零星几个员工进出，抬头可望见二层的部门空间，ofo员工刘新说，这里曾是ofo的海外部门和北京分公司的办公地，工位富余很多，如今全员搬过来，会紧凑一些。记者根据线索又找到与互联网金融中心相隔一条马路的丹棱SOHO3层，保安反映这里是刚被ofo租下来的办公区。为此记者向ofo官方求证，回应是“不了解情况”。上述ofo前成员、接近戴威人士对记者表示，从租金贵的办公楼迁到租金相对便宜的地方，办公空间也大大缩减，这跟ofo一直以来的激进扩张策略背道而驰，资金紧缺是主要原因之一。14日内部会议，从一些员工透露的相关会议内容来看，戴威现身除了对ofo的现状进行解释，还有致歉和反思。“当时确实没钱了，不想管了。”现实给戴威泼了一盆冷水，自己辛苦创立的公司会否像小蓝单车那样，落得个令人唏嘘的下场？“现在ofo员工们又找到了创业之初的那种干劲。”自2016年加入ofo的员工刘新对经济观察网记者说道，“外界看现在的ofo，大部分认为是‘危’，实际上在我们看来则充满了‘机’。”然而，就在戴威现身后的第二天午间，一篇“ofo被多法院列入被执行人，涉及金额5360万元”的报道便被发出，这又如当头一棒敲打在刚被鼓舞了士气的ofo头上。此前，ofo联合创始人张巳丁、于信、杨品杰三人面对镜头谈及他们眼中的戴威时，曾异口同声地提及戴威的口头禅——“只要思想不滑坡，办法总比困难多。”如今，面对ofo退押周期再拖延被诟病，戴威解释，“退押金没有问题，只是有困难。”就“大型券商中介机构入场做ofo破产重组”的传闻，戴威予以否认，“由于供应商债转股，目前资金情况正在好转，但依然困难。”此时的ofo真的到了“至暗时刻”，在ofo生死攸关之际，戴威早已把口头禅抛之脑后，此时的他屡屡提及“困难”二字，反倒对解决的办法茫然未知。“到目前为止，中国的互联网企业还没有一个是真正影响世界的，但我认为ofo有这个机会。”戴威曾经信心十足，可如今看来，理想目标实在太遥远了，当下最要紧的是让ofo活下去。（受访者刘新为化名）本文来自微信公众号：经济观察网（ID：eeojjgcw），作者： 钱玉娟。
thepaper,杭州“共享单车”管理再升级：在写字楼区域启用专用停车点,2018-10-24 13:52,天际大厦的共享单车停车点。澎湃新闻记者 杨亚东 图继“单车直运进小区”后，10月24日，杭州西湖区综合行政执法局与“哈啰单车”在该市天际大厦启动“单车直运进社区楼宇（企业）”，天际大厦等三处设置的10个电子围栏单车停放点启用。 “‘单车直运进楼宇’属全国首例，是共享单车管理‘西湖模式’的2.0版，在实现市民从家门口骑到办公室的同时，还能解决单车乱停放。”西湖区综合行政执法局机动中队综合室主任虞新节告诉澎湃新闻（www.thepaper.cn）。天际大厦的共享单车停车点。 澎湃新闻记者 杨亚东 图 据了解，除了使用电子围栏引导停车系统，此次启用的单车停放点还在天际大厦试行“电子围栏+蓝牙道钉”，通过在指定停放区布置多个蓝牙道钉，精确测算单车与停放区域的距离，误差小于10厘米，可减少因定位漂移而造成的区域外停车。 “我们会有专人在早晚用车高峰时段对小区和楼宇停车点的车辆进行调度，确保市民上下班有车骑。未来还会将此模式铺开，结合校园、特色景区等场景，以道路为连接线，打造以社区、校园等为核心的公共出行枢纽，实现市民出行的最大便利。”虞新节说。 此前天际大厦没有专用的单车停车位，周边共享单车乱停放的现象时有发生，给物业管理带来困扰。7月以来，西湖区综合行政执法局在东山弄社区试点“单车直运进小区”——在小区内设15个单车停放点，由一家单车企业负责对小区内共享单车运维管理。运行三个月以来，单车乱停放被有效遏制。
163,晚报|ofo押金转P2P项目 比特币矿机卖家转行卖丝袜,2018-11-23 20:09:30,#洞察今日热门科技资讯，网易科技为您呈现。#Note7自燃案宣判:三星不构成欺诈 赔偿被烧坏电脑今日，备受关注的三星note7炸机机主回先生诉三星案在广州越秀区人民法院一审宣判，法院仅支持原告回先生诉求中，原价赔偿烧坏的笔记本电脑一项，驳回了回先生其他诉讼请求，认定被告三星中国公司不存在欺诈的故意。【                        原文链接              】ofo押金转网贷理财项目 官方回应:已下线合作渠道近日，有用户反映，ofo小黄车在退还押金的过程中，出现押金转入网贷平台的提示。今天下午，ofo在APP中发布通知称，ofo 99元押金用户一键升级成为PPmoney的新用户后，可实现永久免押金骑行。【                        原文链接              】金立回应“刘立荣赌输100亿元”报道：捏造事实网易科技讯11月23日消息，针对《复盘金立死亡之谜》金立董事长刘立荣赌博输钱超过100亿元的报道，金立官方回应称，文章捏造事实，干扰了公司经营活动，影响金立重组进程。
163,ofo押金转网贷理财项目 官方回应:已下线合作渠道,2018-11-23 19:30:49,近日，有用户反映，ofo小黄车在退还押金的过程中，出现押金转入网贷平台的提示。今天下午，ofo在APP中发布通知称，ofo 99元押金用户一键升级成为PPmoney的新用户后，可实现永久免押金骑行。根据活动页介绍，ofo 99元押金用户升级成为PPmoney的新用户后，即认可并同意将ofo 99元押金成功升级变为PPmoney的100元特定资产。升级成功后，特定资产默认出借PPmoney新手福利项目。该项目历史年化利率8%+8%，锁定期为30天，锁定期满后用户可申请退出，并在退出成功后可获取相应本息。ofo方面向TechWeb回应称，这是正常的市场活动，用户可以根据自己的需求进行选择。参与后可实现永久免押金骑行。对于16%的高年化利率，ofo方面称，“其中一半是新手福利。”。但很快这个押金转网贷理财的项目就下线了，对此，PPmoney对外回应称，“PPmoney网贷与ofo之间的合作是一次正常的异业合作尝试，属于商业行为。用户在被充分告知授权内容后，可以根据自己的实际需求进行选择，并非强制捆绑。目前，我司在综合考虑出借人提供的建议与反馈之后，已下线该合作渠道。”对于PPmoney宣布与ofo合作终止一事，ofo方面也向TechWeb表示，“这是双方协商下线的，因某些合作细节问题， 暂时下线了该活动，上线时间另行通知”。
163,ofo回应部分城市办公室人去楼空 ：不放弃地方市场,2018-11-22 12:38:42,针对日前“ofo部分城市办公室现‘人去楼空’ ”的报道，ofo小黄车官方微博今天发布声明称，ofo已向相关部门提交证据，并将协助司法部门彻查到底。ofo称，目前在各个城市均保持正常的业务运营，从未、也绝不会放弃地方城市市场。近几个月来，ofo频传负面消息，小黄车正面临前所未有的艰难时刻。此前有媒体报道，知情人士获悉，目前已有一家大型券商中介机构入场做ofo破产重组的方案。报道指出，一份约半年前的ofo负债表显示，ofo整体负债为64.96亿元，其中，用户押金为36.50亿元，供应链为10.20亿元。ofo小黄车官方微博发布声明对此回应称，“ofo开始准备破产重组方案”报道不实，有关破产重组的传言是无稽之谈，ofo目前仍在保持独立运营。
163,晚报|酷派告锤子“欠钱不还” ofo公号卖蜂蜜,2018-11-20 22:41:45,#洞察今日热门科技资讯，网易科技为您呈现。#酷派向深圳法院提起诉讼 称罗永浩的锤子欠钱不还第一财经记者近日从酷派方面了解到，酷派旗下子公司，东莞宇龙通信科技有限公司已向深圳法院提起诉讼，状告北京锤子数码科技有限公司“欠钱不还”。根据酷派相关负责人的描述，锤子方面与酷派此前签订了一份交易合同，主要内容是锤子向酷派采购一些手机零部件，涉及金额约1000多万，但货物交付后，货款还有一半没有给，金额涉及四五百万。【                        原文链接              】易读|Q3拼多多GMV增386%至3448亿 活跃买家3. 855亿新电商平台拼多多今日晚间发布2018年Q3财报。报告显示：截至2018年9月30日的12个月期间，平台GMV达3448亿人民币，同比增长386%。Q3总收入为人民币33.724亿元，同比增长697%。公司非通用会计准则下经营亏损为人民币7.9亿元，上一个季度这一数字为8.157亿元。【                        原文链接              】民营火箭企业蓝箭获3亿元B+轮融资 华创资本领投
163,ofo公号卖蜂蜜 网友鼓励:接广告也是为还大家的押金,2018-11-20 15:46:35,9天没有更新的ofo小黄车公众号，11月19日12时37分发布推送，头条标题为《一个长期喝蜂蜜的人，竟然变成了这样？？？》，疑似是一篇蜂蜜广告。推送发布不到2小时，阅读量已突破10万。AI财经社向ofo方面询问这条推送的具体性质，对方表示，这就是一篇正常的微信文章。对于是否是ofo方面接洽的商务合作，对方并未回应。在社交媒体上，有网友评论称：“人家做广告也是为了还大家的押金钱，鼓励一下。”ofo小黄车的上一篇推送发布于11月9日，推广其双十一的活动，原价60元的季卡特惠11.11元，仅限三天。再早的一篇是10月1日的国庆节活动推送，号称“7天瓜分7亿红包”。这篇推送文章的主人公叫做“花嫂”，放弃了大城市安逸舒适的工作，回到老家陕西马家沟大山做一名养蜂人，要将自家纯正的土蜂蜜推广出去。文章的结尾是一张动态二维码，可以加“花嫂”为好友。二维码是动态的，这意味着每次扫码加到的都是不同的“花嫂”。ofo公众号在文章标题中特别注明，文末有福利，留言排名前10位将送出“花嫂”特供土蜂蜜。目前文章评论区有60余位网友留言，分享蜂蜜吃法。AI财经社尝试添加“花嫂”，“花嫂”表示自己一大早就进山采蜜了，她卖的是自家产的土蜂蜜。在“花嫂”朋友圈展示的产品照片中，她的蜂蜜被装在一个个透明罐子中，没有任何生产日期、厂家标识。巧合的是，一周前自媒体“天朝队长”扒皮一篇“土蜂蜜”广告，同样是一位放弃了原本安逸生活的女士，回到山里拾起了祖祖辈辈的养蜂事业。只不过被扒皮的这位是来自陕西宝鸡凤县的杨霞，其品牌叫做“蜜蜂霞”。据“天朝队长”的文章称，“蜜蜂霞”售卖绝不会是真正的土蜂蜜，很有可能是勾兑的劣质蜂蜜，利用广告推波助澜，实际上很可能是一个制假售假一条龙的诈骗团伙。11月14日，戴威现身ofo办公室。在员工大会上，他表示：“ofo不会倒闭，其他都有可能。”戴威亲口承认，ofo目前资金情况正在好转，但依然很困难，包括退押金问题，也是没有问题，只是有困难。
163,ofo国内36亿押金或将难退 一个月退出8个国家,2018-11-18 15:01:47,作者：荆文静“我错了”，ofo创始人戴威低下了头。这位27岁的少年，背后站的是曾经风光一时的共享单车独角兽企业。而这个独角兽ofo，此时正处于危急关头。曾经以“小黄鸭”的形象在全球范围内成为中国新符号的ofo正节节败退。2018年10月，ofo正式退出日本市场。6月开始，ofo已先后从澳大利亚、德国、韩国、西班牙、以色列和美国部分城市退出。资金链危机、运营问题、城市政策等诸多因素，导致共享单车举步维艰。体量较小的共享单车早已在厮杀过程中倒闭。2017年，悟空单车、小蓝单车、酷骑单车相继破产。2018年7月，香港本土品牌Gobeebike宣布关闭所有业务。在此之前的6月份，新加坡oBike停止营业，随后，母公司在其本土市场申请破产。国内共享单车领域，两大巨头摩拜和ofo逐渐形成定局。但是，就在从增量市场逐步走向存量市场的关键时刻，共享单车巨头们却遭遇了更严峻的危机。海外扩张浪潮退去一年以前，来自中国的共享单车巨头们试图将旗帜插满全球。ofo、摩拜以中国新符号的姿态海外大肆扩张。2017年7月，ofo试图用黄色的自行车来淹没美国市场。7亿美元的投资让ofo一度野心勃勃。摩拜单车紧随其后。2017年9月，摩拜进入华盛顿。2018年3月，根据报道，ofo进入了包括西雅图、圣地亚哥和华盛顿在内的25个美国城市。到了6月份，根据时代财经报道，ofo已在全美投放了逾4万辆自行车，业务遍及30多个城市。共享单车的野蛮生长模式逐渐走向全球。2017年10月，ofo登陆澳大利亚市场。在此之前，印度、欧洲都已经有了小黄车身影。摩拜也骑进了意大利等诸多欧洲城市。摩拜和ofo等共享单车争相在全球范围内跑马圈地。一些老牌共享单车企业也在ofo和摩拜的冲击下紧张起来，开始加强管理。更多本土共享单车品牌开始崛起。2017年，LimeBike宣称成为北美第一个获得官方合作的无桩式共享单车品牌。新加坡本土共享单车品牌oBike蓄势待发。香港Gobeebike也闻风而起。
ifeng,ofo小黄车：服务器迁移致退押金时间延长 15天内一定能退,2018年11月22日 20:49:00,最近几个月围绕ofo小黄车的似乎没有任何好消息，这两天又有各种报道称，ofo在全国多地的办公楼已经人去楼空，退押金的时间也悄然延长到15个工作日，甚至有人等了更长时间也没等回来押金。最早报道ofo人去楼空的消息出现在9月底，当时有媒体发现ofo在北京中关村理想国际大厦内的办公地点已经搬空，对此ofo回应称只是租期到了搬到他处而已。之后，ofo在郑州、杭州、南京等多地的办公室都被发现搬空，甚至有的已经空了两三个月，而官方解释依然是老一套，甚至怒斥此类报道是又一波针对ofo的、有组织有预谋的恶意攻击和集中抹黑。那么退押金从7个工作日到10个工作日再到15个工作日一再延长，又如何解释呢？现在ofo终于正面回应了这一问题：ofo公关经理曹女士也告诉媒体，另据报道，ofo创始人戴威透露ofo现在的资金情况比之前好多了，但还是比较困难。
ifeng,ofo小黄车：服务器迁移致退押金时间延长 15天内一定能退,2018年11月22日 21:46:01,原标题：ofo小黄车：服务器迁移致退押金时间延长 15天内一定能退最近几个月围绕ofo小黄车的似乎没有任何好消息，这两天又有各种报道称，ofo在全国多地的办公楼已经人去楼空，退押金的时间也悄然延长到15个工作日，甚至有人等了更长时间也没等回来押金。最早报道ofo人去楼空的消息出现在9月底，当时有媒体发现ofo在北京中关村理想国际大厦内的办公地点已经搬空，对此ofo回应称只是租期到了搬到他处而已。之后，ofo在郑州、杭州、南京等多地的办公室都被发现搬空，甚至有的已经空了两三个月，而官方解释依然是老一套，甚至怒斥此类报道是又一波针对ofo的、有组织有预谋的恶意攻击和集中抹黑。那么退押金从7个工作日到10个工作日再到15个工作日一再延长，又如何解释呢？现在ofo终于正面回应了这一问题：“由于近期更新办公地址，ofo部分服务器需要进行短时迁移，致使退押金周期被暂时性延长，待相关工作陆续完成后，退押金周期将会恢复正常。”ofo公关经理曹女士也告诉媒体，退押金的时间确实延长了，但是15个工作日内是一定能退的。另据报道，ofo创始人戴威透露ofo现在的资金情况比之前好多了，但还是比较困难。
ifeng,ofo 押金退款又出问题，客服几乎全部失联,2018年11月22日 22:36:55,原标题:ofo 押金退款又出问题，客服几乎全部失联近期，ofo 何去何从重新成为大家关注的焦点。今天，ofo 官方也对「人去楼空」的传闻发表了官方声明，表示「人去楼空」是不实报道，地方业务目前保持正常运营。            然而当爱否编辑部的同事尝试在 ofo 退押金时，发现无论是电话还是 App 里，都无法联系到客服。甚至，在排队咨询时，等待人数竟然达到 10000 多人，到现在为止我们的同事也没有成功联系上客服，更别说退款了。看起来 ofo 依然还存在不小的资金问题，如果你也是 ofo 用户，还没能退款押金，可以参考爱否科技之前关于 ofo 押金的文章：千万别在 App 里随便交押金了，因为到处都是坑......当然，如果大家有更好的退款方式，也欢迎分享在留言区。爱否科技报道▼已展开：之前找不到退款入口就觉得不对劲了，幸亏两个月前就退了。：看来 ofo 的情况是真的不乐观，连与用户的承诺都不能履行，再怎么辟谣也没用。：我原本以为一个多月前我们曝光 ofo 的时候大家就及时下车了，结果我们自己有一个同事忘退款了......▼下滑到留言区 发表你的看法
ifeng,ofo未按时移除多余单车，新加坡陆交局下罚单；现代汽车为 Grab 加投2.5亿美元｜东南亚创投周报,2018年11月19日 15:53:00,原标题:ofo未按时移除多余单车，新加坡陆交局下罚单；现代汽车为 Grab 加投2.5亿美元｜东南亚创投周报
ifeng,共享单车第一镇的衰落，留下什么反思？,2018年11月18日 21:59:01,原标题：共享单车第一镇的衰落，留下什么反思？图片来源@视觉中国前几年共享单车风口起来之后，天津的王庆坨镇随着风口变得兴旺，但如今共享单车风口过去，这个被称之为共享单车第一镇的地方也被拖垮了。有数据显示，这个镇有4万人口，但是有70%的工作是与做自行车相关。短短几年时间，这个镇出现了200多个小作坊。在共享单车火爆时，据政府公开资料显示，在2015年6月的时候，这个小镇光是自行车商铺就有500多家，其中整车企业有160余家，零配件企业有260多家，每年生产的各类自行车，达到1500万辆。2016年下半年到2017年，天津作为重点产区接手了60%的订单。该镇工人工资都翻倍涨，当时工人们一个月能挣1万多元，人人看到的是光明的前景与未来。但在今天，随着共享单车企业纷纷倒闭，自行车第一镇面临着无生意可做的窘境。甚至“很多厂家都恨死共享单车了”。据媒体消息，共享单车第一镇许多工厂已经停工，部分依靠卖车勉强度日，许多开工的企业表示都不再承接共享单车生意，而是以开拓外销新途径为突破点。据《中国经济周刊》报道，王庆坨镇镇中心以北五六公里，“中华自行车王国”产业园区已人去楼空，周边长满了杂草。另有媒体指出，天津王庆坨有个“坟”专门埋共享单车，上万辆整齐码在农田里。共享单车其实是典型的互联网+制造的模式，但是互联网模式的本质优先考虑规模效应，再谈盈利模式。但往往一个风口起来之后，众多创业公司迎风而上，导致竞争加剧，行业野蛮生长，竞争成本高企。但这些依赖资本催熟的互联网公司由于缺乏稳定的盈利模式与现金流，在大量的单车投放和免费骑行的博弈中，共享单车原有的盈利能力也被压缩，加之一轮又一轮的损毁折旧，不少中小共享单车企业接连倒闭。它依赖一轮又一轮融资在支撑着它的规模化投放生产，订单是不可持续的。但是王庆坨不少工厂则在迅速扩大产能，这里的风险与危机暗藏，借助共享单车风口起来的王庆坨镇却并没有意识到。随着悟空单车、3Vbike倒闭，酷骑押金难退、町町单车跑路，摩拜ofo资金链紧张等现象出现，随着多地共享单车“禁投令”的出台和不少共享单车企业的倒闭，共享单车的订单骤减，局势急转直下。另一方面，共享单车由于订单量非常大，交通部数据显示，2017年全国共享单车产量约为2300万辆，但是天津作为重点产区接手了60%以上的订单。由于风口势头旺，相对于过去几十辆几百辆的订单，共享单车平台动辄就是几万辆订单，因此共享单车的议价能力强。所以共享单车企业尽管现金流的紧缺，但是它在跟工厂要订单的时候付款模式是分三步，首先付30%的的定金，发货后再给30%，剩下的尾款则不知道何时归还。而原本自行车行业的规矩是出货前尾款必须打齐。因为单车品牌拖欠代工厂的货款，但无论共享单车是否支付尾款，代工厂需要向供应商交采购零件的费用。所以从一开始，共享单车企业就将风险转移到了自动车工厂供应链环节，随着共享单车规模化之后，乱投放、运营与维修、折旧、损毁成本过大，入不敷出之时，共享单车企业自顾不暇，所以导致不少自行车供应链企业账款被一拖再拖，导致自行车代工厂资金链断裂。这是共享单车第一镇被拖垮背后的一大重要原因。第三，共享单车从一开始兴起的时候，人们对它的未来认识不清，没有意识它这门生意到达天花板的速度有多快与潜在的隐患。共享单车都在一窝蜂追求规模化，规模化到了一定程度，运营成本越来越高，对城市交通市容、公共用地的占用环境、出行造成极大的负担与隐患，必然遭遇政策的钳制，后来随着共享单车围城的状况越来越普遍，各城市纷纷叫停投放。因此，这决定它的规模化到了一定程度之后，就很难再上去，这也意味着它的增速迟早会慢下来。一旦慢下来，这些为共享单车规模化订单而扩张的自行车产线与产能就会面临过剩的状况。随着订单减少，原本不断扩大的工厂产能也意味着它的维护成本也变大了，闲置的机器和产能不能成为利润增长的动力，反而会加剧经营的负担，随着资金链的紧张，亏损、倒闭或者缩减产能就成为必然。据此前《南方周末》报道，当年最离谱的时候，王庆坨的自行车卖到了50元一辆，是当时行业平均价格的三分之一。这种自行车的车架薄得跟纸一样，生命周期只有3—6个月。于是王庆坨也成为劣质自行车的代名词。而这种低质低价的模式，也使得它没有形成自身的上下游产销一体化的核心竞争力，在整个自行车制造过程中，喷漆烤漆会释放漆雾和废弃，对环境造成了伤害，而且王庆坨小厂居多，设施简陋，全国查环保的原因，自行车的零配件和烤漆工艺很受影响，上下游的供应受到了波及。如今的王庆坨已经接不到一年前那样的大单了，许多商家开始做起了“回购共享单车”的生意，几毛钱一斤或者几块钱一辆，用收废铁的价格把这些共享单车收回来，整修、抹去车身上的logo后重装上市后当成二手车低价卖出。当年许多人喊着共享单车是中国新四大发明之一，也有媒体欢呼共享单车激活了中国自行车制造业，并将带活整个产业链，推动传统制造业骑上快车道。但从今天的现状来看，共享经济给自行车制造业制造了一场美梦，现在梦醒了，终于要面对惨痛的现实。共享单车给自行车行业乃至制造业带来的反思是，虽然未来包括自行车在内的诸多传统制造业与互联网模式的结合是一个必然的趋势，但是制造业与互联网模式结合的时候，对于互联网规模化订单与行业前景有正确的预判，确保现金流与资金链的稳健。因为订货量越大意味着生产周期被拉长，也延长了回款周期，小本经营的制造业实体根本无法承担这样的风险。而从互联网模式延伸到制造业供应链的新风口，它是否隐藏着泡沫与风险，决定于它从一开始的盈利模式是否稳健，它的行业竞争是否趋于理性。如果仅仅依赖资本催熟，盈利模式缺失，行业一窝蜂大干快上，对这种状况必须保持足够的清醒与理智去避开大坑，因为一波波企业扎堆的情况一旦出现，很容易把蓝海做成红海，红海做成死海。至少不应该盲目改变款项交付模式，扩充订单与产能。James McGregor 在《十亿消费者》里面说：中国人，永远在盯着下一个捞一把的机会。他们的脸上写满焦虑与对成功的渴望，相信有太多机会属于自己。但正因为如此，创业者保持一种慢下来的理性、独立思考能力尤为重要，因为虽然创业虽有千万种死法，但追风口可能是最快的那一种。其次是，对于扩大产能要有更多的风险预估，盲目扩大产能可能在行业前景不景气的时候往往会产生多米诺骨牌效应，导致工厂供应链与资金链被波及。互联网模式的缺陷在于它的成本投入与盈利预期不对等，越是订单量大，越要预估风险及时止损。共享单车其实也挤压了自行车厂商原本的客户的生存空间。因为自行车厂商原本一个订单就是几百上千辆，共享单车一个订单是几千几万辆，产能自然优先配合共享单车。因此共享单车的出现不仅仅导致了许多工厂的尾款尾货损失，而且挤压了非共享单车，原本的自行车厂客户的生存空间。其三，作为制造业供应链端的生意，应该把鸡蛋放到多个篮子，扩展多种市场多种客户群体，通过差异化产品布局来应对伪风口带来的风险。比如说据媒体报道，王庆坨也有些工厂是保持了足够的冷静，将重心之一放在山地和运动自行车、童车市场上，销售渠道重心放在网店经营与电商渠道，因此它面向的是一个相对稳定的刚需性市场客户群体，受到的影响也会相对较小。因此，押注一种模式或者一种客户群体都是有风险的。​在人口红利渐失的今天，国内制造业还是停留在一种廉价、落后产能、低端血汗工厂的印象，它的竞争优势如果还是依靠较低成本的劳动力资源与落后产能去迎合低利润规模化的需求，即便不被互联网模式拖垮，也很难有好的未来。对于王庆坨来说，最辉煌的时刻已经过去了，在当下大环境整体遇冷的情况下，也必须从梦中醒来，借此机会转型，努力找到新的增长点。
ifeng,共享单车第一镇的衰落，留下什么反思？,2018年11月19日 15:46:03,原标题：共享单车第一镇的衰落，留下什么反思？图片来源@视觉中国前几年共享单车风口起来之后，天津的王庆坨镇随着风口变得兴旺，但如今共享单车风口过去，这个被称之为共享单车第一镇的地方也被拖垮了。有数据显示，这个镇有4万人口，但是有70%的工作是与做自行车相关。短短几年时间，这个镇出现了200多个小作坊。在共享单车火爆时，据政府公开资料显示，在2015年6月的时候，这个小镇光是自行车商铺就有500多家，其中整车企业有160余家，零配件企业有260多家，每年生产的各类自行车，达到1500万辆。2016年下半年到2017年，天津作为重点产区接手了60%的订单。该镇工人工资都翻倍涨，当时工人们一个月能挣1万多元，人人看到的是光明的前景与未来。但在今天，随着共享单车企业纷纷倒闭，自行车第一镇面临着无生意可做的窘境。甚至“很多厂家都恨死共享单车了”。据媒体消息，共享单车第一镇许多工厂已经停工，部分依靠卖车勉强度日，许多开工的企业表示都不再承接共享单车生意，而是以开拓外销新途径为突破点。据《中国经济周刊》报道，王庆坨镇镇中心以北五六公里，“中华自行车王国”产业园区已人去楼空，周边长满了杂草。另有媒体指出，天津王庆坨有个“坟”专门埋共享单车，上万辆整齐码在农田里。共享单车其实是典型的互联网+制造的模式，但是互联网模式的本质优先考虑规模效应，再谈盈利模式。但往往一个风口起来之后，众多创业公司迎风而上，导致竞争加剧，行业野蛮生长，竞争成本高企。但这些依赖资本催熟的互联网公司由于缺乏稳定的盈利模式与现金流，在大量的单车投放和免费骑行的博弈中，共享单车原有的盈利能力也被压缩，加之一轮又一轮的损毁折旧，不少中小共享单车企业接连倒闭。它依赖一轮又一轮融资在支撑着它的规模化投放生产，订单是不可持续的。但是王庆坨不少工厂则在迅速扩大产能，这里的风险与危机暗藏，借助共享单车风口起来的王庆坨镇却并没有意识到。随着悟空单车、3Vbike倒闭，酷骑押金难退、町町单车跑路，摩拜ofo资金链紧张等现象出现，随着多地共享单车“禁投令”的出台和不少共享单车企业的倒闭，共享单车的订单骤减，局势急转直下。另一方面，共享单车由于订单量非常大，交通部数据显示，2017年全国共享单车产量约为2300万辆，但是天津作为重点产区接手了60%以上的订单。由于风口势头旺，相对于过去几十辆几百辆的订单，共享单车平台动辄就是几万辆订单，因此共享单车的议价能力强。所以共享单车企业尽管现金流的紧缺，但是它在跟工厂要订单的时候付款模式是分三步，首先付30%的的定金，发货后再给30%，剩下的尾款则不知道何时归还。而原本自行车行业的规矩是出货前尾款必须打齐。因为单车品牌拖欠代工厂的货款，但无论共享单车是否支付尾款，代工厂需要向供应商交采购零件的费用。所以从一开始，共享单车企业就将风险转移到了自动车工厂供应链环节，随着共享单车规模化之后，乱投放、运营与维修、折旧、损毁成本过大，入不敷出之时，共享单车企业自顾不暇，所以导致不少自行车供应链企业账款被一拖再拖，导致自行车代工厂资金链断裂。这是共享单车第一镇被拖垮背后的一大重要原因。第三，共享单车从一开始兴起的时候，人们对它的未来认识不清，没有意识它这门生意到达天花板的速度有多快与潜在的隐患。共享单车都在一窝蜂追求规模化，规模化到了一定程度，运营成本越来越高，对城市交通市容、公共用地的占用环境、出行造成极大的负担与隐患，必然遭遇政策的钳制，后来随着共享单车围城的状况越来越普遍，各城市纷纷叫停投放。因此，这决定它的规模化到了一定程度之后，就很难再上去，这也意味着它的增速迟早会慢下来。一旦慢下来，这些为共享单车规模化订单而扩张的自行车产线与产能就会面临过剩的状况。随着订单减少，原本不断扩大的工厂产能也意味着它的维护成本也变大了，闲置的机器和产能不能成为利润增长的动力，反而会加剧经营的负担，随着资金链的紧张，亏损、倒闭或者缩减产能就成为必然。据此前《南方周末》报道，当年最离谱的时候，王庆坨的自行车卖到了50元一辆，是当时行业平均价格的三分之一。这种自行车的车架薄得跟纸一样，生命周期只有3—6个月。于是王庆坨也成为劣质自行车的代名词。而这种低质低价的模式，也使得它没有形成自身的上下游产销一体化的核心竞争力，在整个自行车制造过程中，喷漆烤漆会释放漆雾和废弃，对环境造成了伤害，而且王庆坨小厂居多，设施简陋，全国查环保的原因，自行车的零配件和烤漆工艺很受影响，上下游的供应受到了波及。如今的王庆坨已经接不到一年前那样的大单了，许多商家开始做起了“回购共享单车”的生意，几毛钱一斤或者几块钱一辆，用收废铁的价格把这些共享单车收回来，整修、抹去车身上的logo后重装上市后当成二手车低价卖出。当年许多人喊着共享单车是中国新四大发明之一，也有媒体欢呼共享单车激活了中国自行车制造业，并将带活整个产业链，推动传统制造业骑上快车道。但从今天的现状来看，共享经济给自行车制造业制造了一场美梦，现在梦醒了，终于要面对惨痛的现实。共享单车给自行车行业乃至制造业带来的反思是，虽然未来包括自行车在内的诸多传统制造业与互联网模式的结合是一个必然的趋势，但是制造业与互联网模式结合的时候，对于互联网规模化订单与行业前景有正确的预判，确保现金流与资金链的稳健。因为订货量越大意味着生产周期被拉长，也延长了回款周期，小本经营的制造业实体根本无法承担这样的风险。而从互联网模式延伸到制造业供应链的新风口，它是否隐藏着泡沫与风险，决定于它从一开始的盈利模式是否稳健，它的行业竞争是否趋于理性。如果仅仅依赖资本催熟，盈利模式缺失，行业一窝蜂大干快上，对这种状况必须保持足够的清醒与理智去避开大坑，因为一波波企业扎堆的情况一旦出现，很容易把蓝海做成红海，红海做成死海。至少不应该盲目改变款项交付模式，扩充订单与产能。James McGregor 在《十亿消费者》里面说：中国人，永远在盯着下一个捞一把的机会。他们的脸上写满焦虑与对成功的渴望，相信有太多机会属于自己。但正因为如此，创业者保持一种慢下来的理性、独立思考能力尤为重要，因为虽然创业虽有千万种死法，但追风口可能是最快的那一种。其次是，对于扩大产能要有更多的风险预估，盲目扩大产能可能在行业前景不景气的时候往往会产生多米诺骨牌效应，导致工厂供应链与资金链被波及。互联网模式的缺陷在于它的成本投入与盈利预期不对等，越是订单量大，越要预估风险及时止损。共享单车其实也挤压了自行车厂商原本的客户的生存空间。因为自行车厂商原本一个订单就是几百上千辆，共享单车一个订单是几千几万辆，产能自然优先配合共享单车。因此共享单车的出现不仅仅导致了许多工厂的尾款尾货损失，而且挤压了非共享单车，原本的自行车厂客户的生存空间。其三，作为制造业供应链端的生意，应该把鸡蛋放到多个篮子，扩展多种市场多种客户群体，通过差异化产品布局来应对伪风口带来的风险。比如说据媒体报道，王庆坨也有些工厂是保持了足够的冷静，将重心之一放在山地和运动自行车、童车市场上，销售渠道重心放在网店经营与电商渠道，因此它面向的是一个相对稳定的刚需性市场客户群体，受到的影响也会相对较小。因此，押注一种模式或者一种客户群体都是有风险的。​在人口红利渐失的今天，国内制造业还是停留在一种廉价、落后产能、低端血汗工厂的印象，它的竞争优势如果还是依靠较低成本的劳动力资源与落后产能去迎合低利润规模化的需求，即便不被互联网模式拖垮，也很难有好的未来。对于王庆坨来说，最辉煌的时刻已经过去了，在当下大环境整体遇冷的情况下，也必须从梦中醒来，借此机会转型，努力找到新的增长点。
ifeng,探访自行车第一镇王庆坨：被共享单车拖垮 多数工厂停工,2018年11月17日 09:14:30,原标题:探访自行车第一镇王庆坨：被共享单车拖垮多数工厂停工华夏时报记者刘诗萌天津报道深秋11月的一个雾霾天里，天津市区以西40多公里、隶属武清区的小镇王庆坨，与往日一样宁静。除了高速路上偶尔传来的重卡鸣笛声，路上几乎看不到行人，也少有拉货的车子从主路上经过。这里曾是中国“自行车第一镇”，2015年全年自行车产量1300多万辆，占全国自行车总产量的10%以上。在2016年底共享单车风口到来之时，因承接了大量单车订单，王庆坨曾经辉煌一时，遍地是单车行业的淘金者，大小货车拉着自行车件在镇内穿梭。而今，在单车销售淡季叠加共享单车泡沫迅速破灭的双重打击下，生意愈发惨淡。11月14日，《华夏时报》记者探访王庆坨时，发现镇上许多自行车厂家都已停工，即使还在开工的企业，也都不再承接共享单车生意，而是以开拓东南亚地区的外销新途径为突破点。“别采访我们，你上对面采访去，他们能赚钱，我们这儿老板都要寻死了。”指着马路对面的塑料包装厂，一家名为“摩单”自行车厂的看门人对《华夏时报》记者说。这已经是记者询问的第三家自行车厂，得到的都是统一的答案：工厂早就停工了，老板平时根本不来。这家独占了两个路口，厂房面积约有1万平米的自行车厂，厂房外还挂着上海凤凰车件有限公司、上海安琪儿自行车销售有限公司的广告。不过，一眼看去，工厂里并没有工人来回穿梭，也没有机器开动的响声传来。“我们下午3点才开工，工人就十几个。”看门人指着传达室门口停着的几辆电动车说，“你数数吧，有几辆电动车，就有几个工人。”他告诉记者，在这家中型自行车厂效益最好的时候，曾经有好几百个工人，一天最多外发2000多辆车。不过，随着自行车行业的衰落，现在好几天也凑不出2000辆车了。因为发不出工资来，工人们大多都跑光了。包括他自己，也有好几个月发不出工资了。王庆坨镇政府不远处的聚友自行车厂的情况与之类似。接待记者的员工表示，他们工厂从前是做钢架的，质量不高，销售情况比较差，发不出工资来，工人就都跑了。记者路过的另外几家车厂，传达室已经废弃，只有一家几个工人还在后院的厂房里工作。而镇中心时代广场附近大多是规模较小的代理加工厂以及零售门店，也是同样门庭冷落。据王庆坨地区最主要的大宗商品物流渠道之一、德邦物流股份有限公司天津武清区王庆坨镇金威创展园营业部经理陈阔粗略估算，除去“双十一”的物流较为集中外，今年以来整个镇通过德邦物流外发的自行车件少了两到三成。“现在整个王庆坨，干什么都行，就是别做自行车，这一行最不挣钱。”上述受访者表示。很难想象，仅仅一年以前，这里曾是另一番景象。2016年末，共享单车风口骤起，摩拜、ofo两家共享单车“独角兽”的吸金能力巨大，带动了如小蓝、小鸣、酷骑等许多新兴企业进场，分享这块大“蛋糕”。而这些企业所投放的单车产品，大部分都在王庆坨这个中国北方最著名的自行车制造小镇完成。天津是中国传统的自行车生产基地，新中国第一辆国产自行车“飞鸽”就诞生于此。位于郊区的王庆坨也于上世纪90年代形成了自行车产业集聚，2015年产量达到天津自行车总产量的三分之一。但随着公共交通的发达、私家车的普及，自行车市场受到极大的冲击，逐渐走向衰落。然而共享单车的出现，改变了这一切。根据智研咨询研报，截至2017年，摩拜、ofo两家共享单车行业的“独角兽”估值均超过100亿元，投放数量均在500万辆上下。超过200亿多市场，1000万辆的订单，对于尽显疲态的自行车产业无疑是一针剂量极大的“兴奋剂”。雪片一样飞来的订单，令一些王庆坨的规模车厂接到手软。这一空前盛况被作为新经济的典型写入天津市2017年国民经济和社会发展统计公报：共享单车快速发展带动自行车生产，全年两轮脚踏自行车产量增长31.6%。在记者的采访当中，每一家中等规模以上的车企都或多或少接过共享单车的订单，但所有人也都异口同声地表示做共享单车并非其主营业务。“要是主要做这个，去年就倒闭了，还能撑到现在？”一位车厂员工表示。事实上，自2017年6月起，共享单车行业就出现了“倒闭潮”，悟空单车、小蓝单车、酷骑单车等相继爆出倒闭或“跑路”的消息。今年2月时，交通运输部副部长刘小明透露，全国77家共享单车企业中有20余家倒闭或者停止运营。这对于自行车制造企业无疑是晴天霹雳。由于共享单车企业与供应商普遍采取预付款模式，预付比例一般是30%-40%，拿不到回款，许多周转能力差的小规模车企亏损严重，甚至直接被拖死在讨债的途中。还有许多厂家为了满足共享单车的需求上了许多新设备，闲置的机器和产能，也成了他们的负担。陈阔向《华夏时报》记者回忆，镇中有不少家接了共享单车，其中一家车厂去年几乎每天下午都会出七八辆共享单车，今年再路过就已经看不见出车了。尽管没有受到共享单车倒闭太大的影响，现在还在喘息中的王庆坨车企们，日子一样不好过。华冠鞍座厂一位姓王的销售经理对《华夏时报》记者表示，该公司此前也接过一些共享单车的订单，不过目前主要供应共享单车的企业基本上都倒闭了。该公司最新的业务方向是往印尼等东南亚国家外销产品。“满大街都是共享单车，现在谁还买自行车？”上述受访者表示，现在自行车内销渠道不畅，原因很大程度上是共享单车改变了人们对自行车的消费习惯。而外销方面，外国企业的订单量不大，有时候就订几十辆几百辆，比起从前共享单车一下子几千辆的量少了太多。然而，旧日的辉煌已经过去，用烧钱换规模的共享单车行业成了明日黄花。当前的几大头部企业，只有最初的二线“哈啰”单车在卖身阿里后获得了支持，还在四处拼杀。4月，美团以35%的股权、65%的现金收购摩拜单车，意味着其独立发展、不依靠巨头的可能性被否定。同样被否定的，还有对共享单车可能创造真实盈利模式的信心。而另一个巨头ofo则陷入了官司缠身、破产重组传闻满天飞的尴尬当中。据启信宝数据，仅2018年10月，ofo的运营主体东峡大通（北京）管理咨询有限公司就被列为被执行人18次之多。10月22日，该法定代表人由ofo创始人戴威变更为其中国区业务主要负责人之一陈正江。一位接近ofo的业内人士对《华夏时报》记者表示，这一变更不一定意味着公司的实际控制人让位，可能是为了使戴威免于在债务危机诉讼中承担法人应负担的赔偿责任。据悉，此前哈啰单车曾经接触过ofo商谈收购，但结果并未成功。目前有意收购ofo的是另一个出行“独角兽”滴滴，但由于近几个月陷入了顺风车事件引发的整改风波，与ofo的收购案也被延后。“即使是ofo成功卖身，共享单车这个行业也回不到从前，现在已经是行业末期了。”上述业内人士称。而对于王庆坨自行车企业来说，传说中的春天还没有到来，寒冬的冷风就已经呼啸而至。
ifeng, 坐在ofo抢救室门外，戴威最想要的5粒后悔药 ,2018年11月14日 19:56:47,原标题： 坐在ofo抢救室门外，戴威最想要的5粒后悔药图片来自“东方IC”11月14日下午两点，ofo创始人兼CEO戴威在公司前台大厅对所有员工表示，ofo不会倒闭，其他都有可能。但至于ofo是否拿到了新投资还是会被收购？戴威没有给出具体答案。而对于被曝出已有大型券商中介机构入场做ofo破产重组的消息，戴威也予以否认，称由于供应商债转股，目前资金情况正在好转，但依然很困难。众所周知，最近ofo一事还没有平息一事又起。近期，ofo被传出北京总部人去楼空（据官方通知显示，ofo与理想国际大厦的办公室租约已近终期，ofo小黄车的办公地址更新为中关村互联网金融中心）。另有网友反映，在申请退押金时，退款周期一再拖长，由原来的0-10个工作日，延长到0-15个工作日。融资无望、欠款与日俱增、押金难已退还等负面消息席卷而来。此时的ofo正在经历一场无奈的“绞杀”。戴威在全体大会上回忆说，在三四个月之前，自己曾想过放弃，因为确实没钱了，不想管了。但是后来他不希望公司像小蓝那样，最终还是选择了坚持。那么，为何昔日风光的小黄车会沦落到如此境地。其实，从摩拜被美团收购后，共享单车的一只靴子已经落地。依稀记得，2016年11月17日，也就是两年前，戴威穿着ofo自家印的黑色帽衫站在舞台上兴奋的样子。那一天，ofo小黄车发布了“在城市”战略，宣布正式拉开城市帷幕。ofo作为行业原创者和领骑者，一直未曾停下脚步。ofo小黄车在初诞生时就被称作是“中国式”的创新。作为“中国式创新”的缩影，以ofo小黄车为代表的无桩共享单车，以科技驱动的方式，让人们享受到单车带来的便利。尤其是当ofo开始走出校园进入社会后，用户以一边倒的态势称赞小黄车好骑、方便。从产品的更迭上，小黄车也一直在走在发展前列，ofo小黄车基于物联网、大数据、人工智能技术等，推动单车共享创新。截至目前，ofo已经在全球范围内提交了近百件专利申请。回到戴威本身，戴威作为一名行业创新者，摘得2017年胡润研究院发布《2017胡润30X30创业领袖》（Hurun 30 Under 30 for China 2017）的第二名。但发展至今，小黄车在戴威的领导下可以用“过于辛酸”来形容。世界著名风投公司——红杉资本的主席迈克尔·莫里茨表示，“一个公司的基因早在它最初的18个月就被决定了。”说到ofo，最核心的人物当然非戴威莫属。在朋友眼里，戴威是一个认真执拗的人，他曾经瞒着家人去支教。朋友评价他“老戴要想折腾点什么事情，一定会往死里磕。”就连戴威自己也直言不讳，最开始创业时放不下面子。在外界看来，戴威这种死磕精神潜在影响着这家公司的命运，导致ofo前途未卜。说起戴威的死磕精神，行业皆知。从宁愿抵押动产“输血”到屡屡拒绝收购坚持独立发展，戴威将这种倔强展现的淋漓尽致。ofo曾经分2次用单车抵押换取了共计17.66亿元的债权投资，第一笔4，447，572辆单车获取5亿元的抵押，第二笔为12.66亿元（可能存在重复抵押），抵押单车为浮动数量。尤其是在2018年5月15日，戴威号召公司员工“战斗到底”，言下之意是继续坚持独立发展，结果结局我们也看到了，ofo更换了新的办公地址，离开了曾经满怀欣喜搬进去的理想国际大厦。也许戴威在开“走出校园”发布会那天没能想到，小黄车能走到今天这步。说到共享单车的盈利问题，可以看到的是，以共享单车为代表的共享经济项目，在经过资本狂欢后，几乎无一例外以烂尾收场，要么老板跑路，要么公司倒闭破产，供应商、用户深受其害，投资人的钱纷纷打了水漂。2017年6月，ofo创始人戴威在接受媒体采访时表示，ofo营收主要来源是用户骑行费用，预计2017年将实现收支平衡，2018年将实现盈利。然而2018年快过完了，ofo非但没有走上盈利这条路，而且越走越狼狈。此前，上海凤凰发布公告起诉ofo所属公司东峡大通（北京）管理咨询有限公司，称截至起诉之日，东峡大通仍欠凤凰自行车货款6815.11万元。另因ofo欠款，上海凤凰方面已经不再接ofo的新订单。此外，有媒体报道称，富士达以及飞鸽亦停产小黄车。除了自行车供应商，有电池相关供应商称，ofo尚未还钱，目前与ofo的交流仅限于账款问题的沟通，业务往来早在半年前就已停止。但说实话，2018年6月，ofo确实对外宣布了已在百座城市实现了盈利，据了解都是一些广告业务。但盈利消息一宣布，ofo便遭到了行业各路质疑，认为其广告模式走不通，当时就有多个城市如北京、上海、西安、昆明等纷纷出台政策，明令禁止共享单车车身设置各类广告。退一步讲，这些商业模式虽然看起来可观，但与ofo的运维成本相比，不过是杯水车薪。尤其是寒冬到了，在环境恶劣的情况下，共享单车的使用必然也会受到影响。从ofo的单车产品本身来看，ofo最开始每辆单车的成本大约在200元左右，升级到3.0时代后，每辆单车的造价成本超过了500元。在小黄车成立之初，行业就曾经对ofo车辆与摩拜车辆进行过对比，当时就有消息指出，两年过后，ofo在市面上将会出现大量坏车。就连ofo自己的员工都称小黄车损耗率至少20%，修车师傅也感慨每天有修不完的坏车。而到了2018年，这种情况更加明显，作者通过走访发现，市场上共享单车越来越少，有些原来“车满为患”的地方，现在找车全凭运气，而且碰到坏车的几率越来越高。以至于社会上出现了“10辆ofo 9辆坏，还有1辆骑不快”的段子。摩拜单车创始人胡玮炜说过关于如何看待资本的名言，“资本是助推你的，但是最后，其实都得还回去。”众所周知，在共享单车上半场的角逐中，共享单车在资本的助推下，开启了野蛮扩张之路，共享单车一路狂奔，从国内奔向国外。但好景不长，在迟迟没有收益回报的情况下，共享单车也遭遇了急刹车，不断有投资人站出来推动两家企业（摩拜与ofo）合并。其中就包括ofo的早期投资人朱啸虎，2017年6月，朱啸虎作为ofo投资人和摩拜投资人马化腾在朋友圈互怼刷遍朋友圈，但没多久，朱啸虎就在各种场合推动双方合并事宜。但最终摩拜被美团收购收场。在朱啸虎之后，ofo和大股东们又展开了一轮争斗，ofo被收购的消息频频传出，ofo一直处在风口浪尖之上。据ofo内部员工吐槽，“别人家的资本都是互相帮助，而我们是背后捅刀子”。关于共享单车，行业内有一种观点是说创业者错误地估计了中国市场的需求，大量企业的倒闭也印证了这一观点。想想共享单车诞生之初，赤橙黄绿青蓝紫，有人笑称“再不入局，颜色都快不够用了”。交通运输部2017年8月公开发布《关于鼓励和规范互联网租赁自行车发展的指导意见》，指导意见介绍，全国拥有共享单车企业近70家，全国累计投放车辆1600万辆。到2018年这一数据仍在增长。然而，一个城市真的需要这么多共享单车吗？据专家介绍，判断一个城市的单车容纳量能达到多少，用常住人口的数量除以150-200是比较科学的计算方式。如此说来，以广州为例，根据广州2016年最新常住人口数量统计，其常住人口为1350多万来计算，最多能容纳接近9万的单车数量。但据媒体报道，在2016年年底，广州就已经有16万辆共享单车了。所以，共享单车的投放事实上已经远超市场预期。从一家不断追求创新的企业和一个被评为创新者的创始人来说，ofo走到今天这种地步并不是偶然，发展至今，ofo的走向是有多种因素造成的。一家企业从诞生开始就要不断思考商业模式是否成立，思考市场需求是否存在，产品是否好用，甚至是创始人所代表的角色，这些因素决定着一家企业的发展走向。事实上，不只ofo，被列为新四大发明的共享单车从一开始就注定了悲惨的命运。众所周知，共享经济理念起源于2008年的美国硅谷，随后共享经济浪潮席卷全国，最终在中国获得了追捧并衍生出了不同的商业模式。而让这种模式走向火爆的是人们对于这种模式的新奇与资本市场的加持，从疯狂到冷静，共享单车一路走来，到一地鸡毛。克里斯坦森在《创新者的窘境》中分析过，为何太多创新会以失败告终，从长远看，企业如果想实现持续增长，必须肩负起“培育市场”的责任，并努力在新兴市场中建立起竞争优势。而如果突破性技术出现，大企业也会走向失败。所以，失败的原因是多种多样的，作为中国式的创新，小黄车在这条路上承受了太多。为了重新定义创新者，作为一家产业创新服务平台，亿欧自2014年2月成立以来，持续研究产业创新、链接产业资本、把握产业政策、影响产业媒体。带着从行业中总结出来的经验与教训，带着崇高敬意，11月29-30日，亿欧将重新定义创新者，我们认为：创新者是打破窘境，不断向前的时代新势⼒；创新者，是突破守旧，敢于放⼿一搏的商业弄潮儿；创新者，是抵住质疑，坚持信仰的奇迹缔造者。基于此，由亿欧公司主办的2018亿欧创新者年会暨第四届创新奖颁奖盛典将于2018年11月29日-30日在北京国贸大酒店举行。这一次，借2018亿欧创新者年会暨第四届创新奖颁奖盛典即将召开之际，我们特地围绕人工智能、汽车出行、大健康、家居、金融、零售、文创教育、智慧物流、生活服务、企业服务十大行业，将亿欧内部多位行业负责人、亿欧智库分析师等专家的2019年行业预判提前发布，共同为创新者赋能。在产业不断创新发展、智能融合、技术推动的新形势下，数据、场景、流量是金融科技未来发展的基石，在这一基础上延伸出的智能解决方案、智能风控、反欺诈、智能营销、智能催收、智能投顾等业务百花齐放。虽然过程坎坷起伏，但终点明确又清晰。未来，金融科技将成为金融产业下一阶段竞争的核心生产力。本文来自亿欧，创业家系授权发布，略经编辑修改，版权归作者所有，内容仅代表作者独立观点。[ 下载创业家APP，读懂中国赚钱的7000种生意 ]
ifeng,ofo“撤退”，而硅谷的共享出行独角兽收入增10倍、还要做共享汽车 | 36氪独家,2018年11月05日 23:44:17,原标题:ofo“撤退”，而硅谷的共享出行独角兽收入增10倍、还要做共享汽车 | 36氪独家关注并标星每天3次，打卡阅读更快更深刻洞察互联网商业━━━━━━美国共享出行领域的独角兽。据联合创始人Toby 透露，Lime 将在西雅图投放 500 辆 2 座的汽油型共享汽车，2019 年一季度将在加州圣地亚哥投放电动型汽车，具体的方案尚未披露。共享单车业务从中国起步，然而继摩拜以 27 亿美元“卖身”美团后，共享单车另一巨头 ofo 也身陷僵局，海外业务在逐步撤出或暂停，昨天又传出 ofo 员工将搬离北京总部的消息。反观大洋彼岸，出海的 Lime 今年完成 3 次产品迭代，继 3 月推出电动单车和电动滑板车后，共享汽车也即将上线，布局 5 公里以上较长距离的出行市场。为什么布局共享汽车？Toby 告诉36氪，拓展业务的逻辑是出于用户的需求。一方面，西雅图当地冬季多雨，更适合汽车出行；另一方面，单一产品的覆盖能力有限，电动滑板车在爬坡和长距离通勤能力上不如汽车。在投放选址上，西雅图政府给出了初步建议，上线后将根据用户使用情况优化点位。汽车上线后，Lime 的出行业务将覆盖“最后一公里”（单车）、3-5公里（电动滑板车和电动单车）以及 5 公里以上长距离出行，基本满足城市中各个距离的出行需求。据团队提供的数据，截止今年10月底 Lime 用户的骑行总量接近 2000 万次，在国际市场的表现也很迅速，电动滑板车的全球市场份额超过 60%，近一年时间进入 13个 国家，欧洲一半以上市场排名 App store 榜首。今年 6 月 Lime 完成 3.3 亿美元 C 轮融资，值得一提的是，相比中国共享单车的烧钱大战，Lime 已经在很多城市实现盈利，公司预计明年一季度实现营收平衡。据介绍，Lime 的电动滑板车日均使用 8-12 次，平均单次骑行时间为 15-20 分钟，收入较上轮融资时增长了十几倍，年化收入接近 3 亿美元。不过，海外的共享出行领域的竞争仍然处于白热化的阶段，另一家独角兽公司 Bird 今年 6 月获红杉资本领投的 3 亿美元融资，这个赛道上的玩家还有 Spin、Jump、Scoot等，而 Uber 和 Lyft 等巨头也纷纷布局共享滑板车业务。面对竞争，Toby 很有信心，在他看来，Toby 告诉我们，考虑到海外市场对“路权”的关注，团队从公司创立之初就非常重视维护政府关系，不会大规模贸然投放车辆，投放节奏很克制，而且多用合作的方式，把共享出行建成城市公共交通的一部分。近日西雅图交通部长 Scott Kubly 加盟了 Lime，负责政府关系建设。另一方面，Lime 是中西合并的团队，车辆的设计研发和生产均在中国完成，在供应链和产业制造方面具备优势。我认为，中国共享单车的僵局，上游生产端必然会出现供过于求的情况，过剩的产能对于 Lime 来说也是机会。2016 年中国也出现过“共享汽车”的热潮，获得资本市场的追捧。数据显示，截至今年 6 月，全国共出现过 500 家共享汽车企业，总共投入超过 10 万辆汽车。然而，共享汽车在中国的整体情况并不乐观。前不久，有媒体爆出分时租赁品牌途歌（TOGO）退出南京市场，且拖欠地勤员工工资一事。随后途歌方面否认了这一系列消息，并且公布了新的一轮融资消息。根据易观千帆的数据显示，截止今年7月份，首汽旗下的 GOFUN 的月活用户只有 134 万人，而引发市场争议的途歌，月活用户更是仅剩 6.35 万人。当然，相比中国市场，在美国推出共享汽车业务还具有天然的优势：欧美的租车以及保险业务已经非常成熟，无需做市场教育，而“车轮上的国家”16 岁以上人人开车，共享汽车的出现也是自然而然。对于 Lime 来说，相比 Uber 或者传统车企，Lime 的产品和服务迭代速度更快。而且在 Lime 已有的 App 上叠加新产品，获客成本几乎为 0。在 Toby 看来，共享出行绝对是一门好生意，除了社交 App，出行 App 可以算得上是另一款用户会高频打开的 App 产品，未来可以想象的空间很大。美国也在积极拥抱电动车，下一步公司的业务侧重点仍然以电动滑板车为主，同时公司也会考虑叠加外卖、支付等业务。标星36氪，每天获取圈内最新资讯成为进阶互联网人点击图片即可阅读
ifeng,ofo回应搬离理想国际大厦：房租到期,2018年11月04日 14:19:00,新京报快讯（记者薛星星）今日（11月4日），有媒体报道称ofo员工即将陆续搬离位于理想国际大厦的北京总部，从本周五开始已经有员工陆续打包行李。ofo方面向寻找中国创客证实确实在搬迁，并表示，搬迁原因为理想国际大厦房租到期，“就搬了”。据了解，ofo在2016年12月将总部搬至理想国际大厦，原先相继租下办公楼的10层、11层、15层及20层作为办公地点。从9月底开始，ofo搬离10层及11层。当时ofo公关总监回应称：我们只是租约到期了要搬到别的地方，哪里有什么“人去楼空”。目前ofo将新的办公地点搬至距离理想国际大厦不远的互联网金融中心，有媒体报道称这里是原来ofo海外部门及北京分公司的办公所在地。最近几周来ofo的负面传闻不断。10月31日，《界面》报道称从知情人士处获悉，已有一家大型券商中介机构入场做ofo破产重组的方案。根据一份约半年前ofo的负债表，彼时，ofo整体负债为64.96亿元，其中，用户押金为36.50亿元，供应链为10.20亿元。ofo对此表示否认，称以上报道内容严重失实，“破产重组”的说法更是无稽之谈，相关报道严重损害了ofo的品牌和商誉，是对ofo的恶意抹黑。ofo强调，将立刻向相关司法部门诉诸法律保护，依法维护自身合法权益。更早之前（10月22日），ofo将国内运营主体公司“东峡大通（北京）管理咨询有限公司”的法定代表人由创始人戴威变更为陈正江，疑似创始人出局“让位”。ofo回应称，变更法定代表人是为了“简化办公流程、提升工作效率”。并表示，法定代表人的变更仅是ofo内部正常的人事变动，公司的实际控制人仍为戴威，不存在某些媒体所解读的“让位”一说。同时人事变更不会影响公司的任何经营和运营。
ifeng,氪星晚报丨FF资金流困难只保留500名员工；拼多多试水医药电商；ofo回应破产重组：无稽之谈      ,2018年11月02日 19:03:07,原标题：氪星晚报丨FF资金流困难只保留500名员工；拼多多试水医药电商；ofo回应破产重组：无稽之谈大公司36氪讯，FF内部邮件表示，因恒大健康违约，FF正在面临暂时性的现金流困难，导致其不得不立即采取临时措施应对。在未来两个月左右的过渡期内，今年5月1日之后加盟FF的员工大部分将会在11月和12月停薪留职；对于5月1日之前加盟的员工，将会继续留在公司推进FF 91 量产交付工作，但工资需要临时下调。据FF内部人士透露，通过寻求融资，公司非常有信心在2个月左右的时间内恢复正常运营。近日，一名自称拼多多员工的人士在各大医药电商群里招商：“医院电商圈小伙伴，在下代表拼多多邀请有互联网药品交易证书的企业入驻医药健康馆。”介绍称，拼多多“医药健康馆”即拼多多健康频道。据了解，拼多多此前已从医疗行业挖角了不少人才。招聘平台拉勾网显示，拼多多平台治理部正在招聘商品管理专员。“我知道他们正准备搞这件事情，而且应该是特别想搞这件事情。”一位医药电商从业者表示。（中国企业家杂志）36氪讯，针对此前有媒体报道称ofo开始准备破产重组方案，ofo发布声明称：报道内容严重失实，“破产重组”的说法更是无稽之谈。ofo目前仍保持独立运营，各项业务推进正常且有序。10月31日消息，今天在北京举行的联想智慧零售新物种体验会暨渠道分享论坛上，联想宣布旗下来酷科技的首家联想来酷无人店正式开业。早在7月，联想来酷无人店就已经开始试运营。联想计划在未来三年推动部署5000个智能自动售货柜。（凤凰科技）据自媒体“独角兽早知道”消息，多名相关人士表示，腾讯音乐预计将于11月底登陆美股。10月29日有媒体传出腾讯音乐将于11月15日赴美IPO的消息，但腾讯官方表示不予置评。此前，腾讯音乐在10月2日向SEC递交赴美上市招股书。10月31日，腾讯与红星美凯龙宣布达成战略合作。这是继腾讯智慧零售在商超、服饰等领域发力后，首次与家居行业开展合作。发布会上，双方推出了首个合作项目——IMP全球家居智慧营销平台。该平台以大数据连接家居生态内的各种角色、场景和内容，从而为用户提供家装全周期、个性化服务，并以此来制造流量，然后将流量分享给品牌，提升营销效率，降低运营成本。（腾讯科技）10月31日从消息人士处获悉，万达拟转让网络科技集团旗下的快钱支付业务。此前曾与苏宁洽谈，但未谈拢，目前正与一家具有外资背景的公司接触，进展相对顺利。对此，万达方面未予置评。2014年底万达以3.15亿美元（约合20亿元）的价格，收购快钱68.7%股权，被认为打通了电商核心的支付环节。（财联社）36氪讯，在腾讯全球合作伙伴大会之前，腾讯公司董事会主席兼首席执行官马化腾发布公开信，他在信里提到了腾讯开放战略在移动互联网下半场的新目标：做好“连接器”，为各行各业进入“数字世界”提供最丰富的“数字接口”；做好“工具箱”，提供最完备的“数字工具”；做好“生态共建者”。他表示，接下来，腾讯将扎根消费互联网，拥抱产业互联网。据路透社报道，周三，三星电子将2018年的资本支出削减逾四分之一，并警告称，到明年初之前，公司利润将下降。三星电子称，持续两年的内存芯片热潮已经结束。三星是全球最大的存储芯片和智能手机制造商，他们悲观的预测加剧了投资者的不安情绪。三星表示，由于对内存芯片的需求疲软，以及年底假期期间智能手机营销支出的增加，预计第四季度公司收益将出现环比下滑。（TechWeb）16金立债公告称，本期债券担保人公司实际控制人刘立荣先生，因资金紧张，资产受限等情形，目前亦无法履行代偿义务。截至本公告日，公司尚未将本期债券当期利息及回收本金划入中国证券登记结算有限责任公司深圳分公司账户，涉及本期债券利息6500万元，回售金额4.8亿元，本次利息及回售金额共计5.45亿元。10月24日，金立副总裁俞雷发布朋友圈称将于10月31日正式从金立离职。（经济观察报）爱奇艺第三季度未经审计的财务报告发布后，爱奇艺创始人、CEO龚宇以及CFO王晓东等管理层出席了分析师电话会议。龚宇表示，第三季度是会员收入全年最热季度，预计第四季度会员增长会持续下去，但不会有第三季度的净增数那么多，2019年预计会员增加的数量不会比2018年少。王晓东表示在线收入同比下滑正常，第四季度预期会有正常的同比增长。（腾讯科技）图片来源：视觉中国港交所权益资料显示，华兴资本控股获董事长、首席执行官兼执行董事及创始人包凡于10月29日在场内以每股平均价15.4066港元增持14.9万股，涉资约229.6万港元。增持后，包凡的最新持股数目为319，194，632股，持股比例由58.17%上升至58.20%。（财华社）36氪讯，滴滴此前面向全社会广泛征集意见，截至10月30日，共收到111945份批评和建议（包含英文用户386份），今日其整理出第一期20类代表问题向公众公开回复。这20类问题覆盖了截至目前所有用户意见中63%的内容，包括一键报警功能、排队打车次序、客服效率不高、定位不准、支付价格与预估价格不符等。滴滴表示，目前顺风车依旧无限期下线。索尼表示移动业务将继续亏损至2020年初。此前索尼曾希望其移动业务在5G的帮助下，于2019年或2020年实现盈利。第三季度，索尼仅发售了160万部智能手机，同比去年减少了180万部，环比下降40万部，索尼将其归因为欧洲、拉美与中东地区的销量下降。今年3月份索尼曾预计手机出货量将达到1000万部，现在已修改降至700万台。（快科技）投融资36氪获悉，中澜视讯宣布获得腾讯TOPIC基金数千万元A轮融资，投后估值数亿人民币。此前，公司曾于2016年年初获得如山资本、海润昌资产等数千万人民币的Pre-A轮融资。本轮融资将主要用于旗下中国互联网文化类短视频品牌《看鉴》，在内容、制作等多方面的进一步优化提升。中澜视讯成立于2015年底，专注大型纪录片的制作以及优质短视频内容的互联网数字多媒体业务。36氪获悉，新兴汽车金融科技平台杭州麦田汽车服务有限公司已获得数千万元人民币天使轮融资，本轮融资由复星集团全球 VC 投资平台「复星锐正」投资。同时，麦田汽车正式发布了基于赋能场景汽车经销商的新汽车金融品牌“麦靓车”，以及基于赋能汽车金融智能风控的SAAS品牌“车金矿”。创始人潘跃源表示，本次融资会重点投入到场景车商的市场推广和AI智能风控方面。36氪获悉，前身为景驰科技JingChi.ai的文远知行WeRide.ai今天宣布完成了A轮融资，由雷诺日产三菱联盟Alliance RNM战略领投，汉富资本、安托资本、德昌电机等跟投。据悉，这是雷诺日产三菱联盟Alliance RNM首次投资中国市场。投资完成后，文远知行WeRide.ai成为中国首家获得全球汽车制造商战略投资的L4级无人驾驶企业。36氪讯，互联网再生资源回收服务平台闲豆回收宣布完成亿元级C轮融资，本轮融资由中美绿色基金领投、芸怡资本等跟投。华兴资本担任本轮融资的独家财务顾问。公司创始人方浩表示，新一轮资金将主要用于企业级客户的拓展及互联网回收体系的完善，推动城市绿色再生资源回收体系的全面提升。在线少儿演讲品牌“趣口才”获数百万元Pre-A轮融资，投资方为黑马资本。此前，趣口才曾完成一轮天使轮融资，投资方为蓝象资本。本轮融资将主要用于上课平台开发、动画课件升级，以及扩大团队和市场投入方面，以互联网为载体和切入点，通过立体化的广告战略，植入品牌。（猎云网）36氪讯，10月30日晚间，中央商场发布公告称，公司控股子公司安徽中商便利店有限公司拟与北京创新工场创业投资中心签订《增资协议》。协议内容称，创新工场拟出资人民币6000万元，获得安徽便利20%股权，其他股东放弃同比例增资，安徽中商便利注册资本将由1000万元增加至1250万元。36氪获悉，中国风摄影品牌「盘子女人坊」于九月完成近亿元 C 轮融资，投资方为元创资本。此前，盘子女人坊曾于 2016 年 6 月获青岛智信 A 轮融资，2017 年 7 月获爱尔眼科董事长陈邦和菁英时代的 B 轮融资，累计融资数亿元。图片来源：视觉中国36氪获悉，进口电商平台「魔法灯」近日完成数千万元A轮融资，投资方为翊翎资本。据悉，本轮融资资金将用于供应链优化、团队建设、品牌建设和中国市场业务拓展。魔法灯成立于2015年，是一家专注澳大利亚和新西兰市场的S2B2C社交电商平台。36氪获悉，烘焙品牌「四喜卵蜜」近日完成近千万元天使轮融资，投资方为辰海资本。四喜卵蜜是母品牌四喜时光旗下的子品牌，主打鸡蛋蜂蜜蛋糕品类，产品现烤现售。目前在上海静安区芮欧百货开了第一家门店，北京上海另有 6 家门店正在筹备中。36氪获悉，生物制药公司「诺灵生物」近日完成5000万元A轮融资，投资方为招商局创投和君岳基金。本轮融资资金将用于临床申报的准备工作。「诺灵生物」成立于2015年10月，志在用一种创新的ADC技术切入千亿级体量的癌症治疗市场，此前已完成了天使轮和Pre-A轮融资。特科罗生物宣布完成数千万元pre-A轮融资，由凯泰资本领投，盛山资本、JMCR与盛鼎资本跟投。特科罗生物将进一步拓展研发项目管线，打造面向全球的皮肤疾病创新新药研发公司，以满足患者对安全有效的治疗皮肤病新药的需求，从而提高和改善患者的生活质量。（亿欧）36氪独家获悉，藏诺药业已获得领势投资数百万元战略入股。领势投资方面表示，将协同其参股的众多医药医疗企业（百药智达、爱克精医、宝枫生物、志诺维思、医护家等）发挥集群优势，为藏诺布局现代藏医药全产业生态链提供支持。新产品据Venture Beat报道，近日，马逊推出了Alexa Presentation Language 工具，旨在让开发人员更轻松地为Alexa设备定义视觉元素，其中包括亚马逊的Echo Show、Fire TV、Fire Tablet和Echo Spot等屏幕。APL 基于JSON的HTML5语言，由几个核心元素组成：图像、文字和列表、布局、样式和条件表达式、语音同步、幻灯片、按顺序内置意图。（品玩）柔宇科技今日召开全球新品发布会，正式面向全球发布首款可折叠屏手机——柔派，售价8999元起，将于11月1日开始抢购。柔派的屏幕采用柔宇科技独立开发的7.8英寸蝉翼柔性屏2代，显示上具有大色域、强对比等特性，耐用度上超过20万次的弯折操作，并且由于柔性屏的特性，今后不会在摔碎屏幕。（新浪科技）据外媒报道，鉴于全球车企都面临着越来越严苛的排放法规，宾利目前正在考虑发布其首款纯电动车型，以帮助减少其整体的CO2排放量。如果决定被审批通过，这款纯电动车将在2025年之前发布，或将基于大众集团旗下品牌保时捷和奥迪的平台生产。（盖世汽车）区块链据彭博报道，微软表示，其 Azure 云区块链服务将与纳斯达克金融框架整合。该合作伙伴关系将创建一个区块链系统，以帮助纳斯达克的客户可以综合使用不同的技术。比如，两家公司表示，这将使买卖双方更容易撮合，支付、交易结算的管理也会更容易。（Odaily星球日报）近日，港交所就计划开发新的交易结算系统，探索区块链技术在该系统中的应用。据悉，香港交易所 将与 Blythe Master 的 Digital Asset Holdings LLC 公司合作，建立区块链结算系统，用于进行内地股票的交易。香港交易所行政总裁李小加周二表示，交易平台将简化股票互联互通机制下的北向（与深市、沪市进行的股票交易）交易流程。（Odaily星球日报）图片来源：视觉中国今日观点近日，华人文化集团公司及CMC资本董事长、首席执行官黎瑞刚说：“现在的文化娱乐行业在深度调整过程中，大家都在观望，谁都不希望过早出手，所以最近这个阶段是有一些挑战的。”他还谈了行业中税收、收视造假等问题及资本泡沫，“过去这几年文娱行业的项目估值严重背离它的价值，严重虚高。这也是为什么过去几年CMC资本很少投内容制作公司的原因，因为估值你没法看。”他说。（腾讯财经）近日，潘石屹到南京SOHO3Q与孟非完成了一次题为“非”常“屹”见的对话。他认为，未来人们最需要的能力是磋商能力和同情心，没有磋商能力，只是把自己孤立起来，纵有大才华也将会一事无成。另外，未来人工智能如何发展，都不会代替人的情感，一个缺乏同情心的人会越来越接近机器。（新浪财经）其他重要新闻10月以来，监管层多个并购重组“放管服”制度密集出台。据了解，一些券商投行已经注意到了其中的业务机遇，积极积累相关项目储备，“目前公司投行业务已转向以并购重组为主”。随着IPO被否企业增多，业内人士认为，一味寄希望于通过并购重组达到上市目的并不现实。同时，相关配套政策也需继续优化。（中证报）今天上午，在新京报新闻客户端上线发布仪式上，北京市委常委、宣传部长杜飞进表示，将推进新京报、千龙网、北京晨报三家媒体深度整合工作。杜飞进在致辞中说，新京报、千龙网、北京晨报三家媒体整合方案已经通过市委深改组于8月份印发，目前正在推进中。(传媒大观察）每日商业精选除了上面这些新闻之外，你也许还会对下面这些消息的来龙去脉感兴趣。想了解更多有料有趣新闻，请猛戳每日商业精选订阅。
ifeng,深度资讯 | ofo深陷破产重组疑云，卖还是不卖这是一个问题      ,2018年11月02日 19:02:54,原标题：深度资讯 | ofo深陷破产重组疑云，卖还是不卖这是一个问题文 | 36氪每日商业精选ofo深陷破产重组疑云，卖还是不卖这是一个问题据界面10月31日从知情人士处获悉，目前一家大型券商中介机构入场做ofo破产重组方案。随后，ofo公关总监回应36氪称此消息为“无稽之谈”。ofo现在面临的选择并不多。界面方面获得的信息显示，半年前这家公司的整体负债就达到了64.96亿元。ofo最后一次获得融资是今年3月，拿到了8.66亿美元，现在应已消耗殆尽，资金链濒临断裂。8月份传出滴滴与蚂蚁金服收购ofo的消息。但......
ifeng,逆袭摩拜和ofo、进军网约车，哈啰下一站：挑战滴滴？,2018年10月28日 15:42:25,图片来源：图虫网“我经常会问大牛，你下一个挑战目标是谁？创业者要时刻想着你的下一个挑战对象是谁，最好是主动挑战别人（而不是被动被挑战），敢于挑选比自己更强大的对手。”GGV纪源资本管理合伙人符绩勋在接受创业邦采访时如是说。毫无疑问，杨磊是一个乐于创新的挑战者。两年前，在共享单车领域ofo和摩拜都具有绝对先发优势的情况下，杨磊携着哈啰单车姗姗来迟。以低调稳健的发展策略，将注意力放在三四线市场，走出了一条“农村包围城市”的逆袭之路。两年后的今天哈啰单车已经入驻了300多个城市和260多个景区。根据哈啰出行官方最新公布的数据，哈啰单车目前日订单超2100万次，用户超2亿，已经超越摩拜、ofo小黄车成为行业第一。以挑战者姿态出现的哈啰，后来者居上，打了一场漂亮的翻盘仗。然而杨磊与哈啰的野心似乎不止于此。这一次，他选择的挑战对象是滴滴——共享出行领域的龙头老大。22岁创业，24岁大学毕业，85后连续创业者杨磊历经过三次创业。他主导的第一家公司，以亿计美金出售；第二家，他是联合创始人，该公司而今在业界依然红火；他所执掌的第3家公司是爱代驾；而后创业做车钥匙、哈啰单车。2016年9月的一天，当杨磊找到GGV管理合伙人符绩勋说，考虑转型做单车的时候，符绩勋先是愣了几秒。他和团队之前见过ofo小黄车，也见过摩拜，但都没打算投。彼时他对共享单车的经济模型还是打了一个问号。“这个要怎么挣钱？一块钱一单，每人每天顶多三到四单，即三到四块钱，但又有各种补贴、还要加上折旧、运营成本等，扣除掉这些还剩多少？再加上那么大的投放体量确实令人担心。”杨磊说服符绩勋的一点是，通过产品和技术创新是可以把成本降到最低的。当时杨磊先找了两个城市做试点，跑了一些数据，他发现共享单车在二三四线城市更有需求，那些城市的公共交通系统相对落后一些，更需要共享单车这样的类公交产品。符绩勋心底觉得杨磊也许是能做到的。他非常看好杨磊这个人和他的团队，早在杨磊做车钥匙项目的时候，GGV纪源资本就是其投资方之一。“大牛（杨磊外号）这个人虽然很年轻，88年的，但他非常有感染力。他对数据模型的分析很成熟，整套逻辑想得很深，会在经济逻辑、在单位模型上去说服你，而不是很浮夸的画大饼。他，是个很踏实的人。”符绩勋告诉创业邦。但另外一个顾虑是，那时候ofo和摩拜已经开始起量，分别拿到了近亿美元的融资。毕竟后来者居上的故事并不多见。符绩勋又拉来GGV另两位合伙人童士豪和李宏伟一起商讨，最后讨论的结果是，“值得一赌”。杨磊拿到了GGV 500万美元的启动资金。2016年11月，哈啰共享单车上线。基于当时的资源条件和先前的市场调研情况，杨磊选择避开一线城市战局，将主要精力投放在二三四线城市，走了一条“农村包围城市”的道路。而远离战火硝烟、二三四线城市相对友好和健康的市场，也给了哈啰跑通商业模式的机会。当然后来的发展也并非都一帆风顺。整个2017年上半年，ofo和摩拜陆续融资，估值不断攀升。彼时杨磊和团队为了融1500万美金，花了两个月见了近100位投资人，却没有一个人愿意投。投资人对杨磊说的最多的一句话是：“你凭什么超越他们（ofo和摩拜）？”后来虽然GGV决定继续跟进，领投A+轮融资，但哈啰的资金压力并没有解除。据天下网商的一篇报道，那是2017年4月，哈啰单车账上的钱不过一两千万，但即将到期的供应商款项就有两三千万，还有几百号员工的工资要付，“杨磊感觉每一天都在流血，公司到了最危险的时刻。”成为资本管理合伙人沙烨的一通电话为哈啰带来了转机。两人见了一面后，沙烨决定领投哈啰单车B轮融资。彼时沙烨的心里虽然也在嘀咕：“不知道能不能跑出来”。但从哈啰的数据中，他得出判断，哈啰单车的实力被市场和投资机构严重低估。且他也非常看好杨磊这个人。哈啰这才得以喘息，活了下来。2017年6月初，经沙烨组局（沙烨和井贤栋是校友），蚂蚁金服CEO井贤栋与杨磊聚在一起谈合作。蚂蚁金服希望在二三四线城市提供更多服务，而共享单车作为高频应用，对于扩充消费场景很有价值。另一方面，阿里在ofo的持股比例不高，需要哈啰提升在单车市场的话语权。2017年10月，在蚂蚁金服推动下，永安行低碳科技与哈啰单车合并。此后，短短8个月，哈啰单车又完成数轮融资，总额近百亿人民币，蚂蚁金服领投了其中三轮。在二三四线城市稳健发展的哈啰逐渐找到了破局点。在拿到蚂蚁金服的钱之前，哈啰单车获得的融资并不多，大约4000万美元，不到摩拜十分一的融资。但却凭着运营效率、战略打法取胜，做到了摩拜三分之一的体量。据了解，哈啰单车能把每辆单车的日运营成本降低到0.3元，而同行可能是哈啰单车的四倍以上。这也是其赢得阿里和复星投资的一个重要因素。另一边，为了争夺用户，在2017年上半年ofo和摩拜开始了补贴大战和恶性竞争。这直接导致了两家现金流恶化，盈利难期。同时2017年下半年开始，共享单车一改此前“百车大战”的疯狂热闹景象，整个行业突然进入凛冬。悟空单车成为第一家退场选手，之后3Vbike、酷骑单车、町町单车、小蓝单车、小鸣单车等多家单车平台也相继出现问题，整个行业迎来大洗牌。在外界看来，这是一个经典的“老三逆袭”的故事。但没有一个成功事件是偶然的，回顾哈啰的成长轨迹，符绩勋总结道：首先，团队基因很重要，在做哈啰之前，杨磊的团队在爱代驾和车钥匙项目时已经经历了一个较长时间的磨合，这种磨合不只在人与人之间的磨合，还有对技术和产品的各种探索、尝试。这些积累对于后来做哈啰项目都有很大的帮助。其次，共享单车市场跟打车不一样，它的半径很小，当头部玩家的竞争都集中在一二线城市，没有精力顾及三四线城市的情况下，中国的城市又很多，这给哈啰留下了一个空间，让杨磊团队能够抓住几个重点城市实现破局。当然他们也用出色的业务数据证明了其运营效率比竞争对手好，才赢得了后续蚂蚁金服和其他投资人的认可。最后当然还有杨磊这个人。杨磊很大程度上是一个愿意沉下心把一件事情做好的人。他是一个非常聪明的创业者，他对一些事情的思考逻辑大部分是行得通的，只是需要时间和资金去考证。另外他也是一个非常好学的创业者，他会不断去否定自己，不断地去优化自己的一些假设和模型，直到把逻辑跑通。这是一件非常难得的事情。GGV管理合伙人符绩勋“我一直在跟创业者说，0到1阶段，最重要的是证明你的商业模式能不能跑通，先不要放量。我们看到国内很多创业公司，在模型并没有跑通的情况下，就已经在扩大规模，跑马圈地，唯恐被竞争对手抢占了市场。但其实这是非常致命的。当你的模型还没跑通的时候，可能导致你就跑歪了，变成在教育市场，却把机会拱手让给了后来者。”在符绩勋看来，共享单车这个市场就是很典型的，后面的4、5、6名基本上全在follow前面把逻辑跑通的人，最后反而跑到了前面。2017年12月，因补贴和恶性竞争而先后陷入资金链危机的摩拜和ofo被爆出挪用用户押金，其中摩拜挪用押金超40亿元，而ofo挪用押金超过30亿元。对于押金难退的担忧成为了新用户的进入门槛。这时哈啰做了一个在日后直接导致单车行业战局扭转的关键决定——全国免押金。2018年3月13日，哈啰宣布与芝麻信用合作推行全国彻底信用免押。虽然此前ofo和摩拜也曾在部分城市实施信用免押金的活动，但远不及哈啰这次来得坚决和彻底。免押金的背后，需要大量的资本支撑，而哈啰的支持者，就是其最大机构股东蚂蚁金服。彼时陷入各自困境的摩拜和ofo都已无力跟进，另一方面，行业被爆出挪用资金丑闻后，用户对免押金的欢呼声也很高。2018年5月，哈啰出行在免押两个月后宣布，注册用户增长70%（近7千万），日骑行订单量翻倍。据官方数据，其最多的一天新增用户甚至达190万。“全国免押”被视为是共享单车的分水岭之战，成就了哈啰的逆袭，也最终奠定了整个共享单车行业新格局。沙烨曾用了一连串比喻来形容这战局的扭转，“就如解放军百万大军过长江，盟军在诺曼底登陆反攻，凯撒率军度过卢比孔河，战争由一个事件结束。”共享单车的战争虽然暂告段落，但哈啰的故事还在继续。2018年9月17日，哈啰单车宣布品牌升级为哈啰出行。10月19日，哈啰出行正式接入嘀嗒出行，在北京、杭州、郑州等全国81个城市上线出租车业务。哈啰方还表示，未来还会以合作的形式推出快车、专车等业务。从竞争到垄断，如今的大出行领域似乎又要开启新一轮的市场争夺战。关于哈啰进军大出行领域，在10月24日的GGV Evolving Plus大会上，杨磊回应道，大出行虽然是一个方向，但目前还是会将主要精力着重放在两轮市场。“共享单车是一个非常典型的先易后难的生意。第一天最好做，第一天的有效用力是百分之百，第一天的数据永远是最好的。可是要长期维持一个比较高的有效用力是极其挑战的，非常之难。”杨磊认为，共享单车不仅是个能赚钱的生意，而且完全可以实现规模化的盈利。据他介绍，目前哈啰每台车的运维成本大概是3毛多，折旧成本在6毛左右，车均日收入已经突破一块多，并且已经快实现盈亏平衡了。“但这个行业还有很多增长空间可以用技术去改变，比如现在的日活车辆可能只有60%，每天还有40%的车子没有被人骑，提升了这部分车效，将进一步带来成本的降低。”杨磊坚持，共享单车是典型的以技术驱动运营的生意，他对单车运维的理解是，应该把更多的精力和技术投入在共享单车的事前和事中，而在事后应该花最少的精力。“事后是指，比如一台车已经被用户骑到了地下室，要派人把它骑出来，之前大部分同行都把所有的精力放在了事后。而我们恰恰不一样，这个事情非常难干，服务的用户群太大。”同时杨磊还表示，未来，希望哈啰成为一家真正用技术推动两轮出行的企业，做“两轮领域里的滴滴”。哈啰出行创始人杨磊即便如此，对于哈啰上线打车业务，业内外还是有不少揣测。比较统一的意见是，当前在腾讯支持下，美团收购摩拜，拥有共享单车、共享助力车、共享汽车等业务，加之自身的网约车业务，美团的共享出行布局逐渐完善。滴滴推出青桔单车、托管小蓝单车，推出共享助力车，合作共享汽车已形成出行生态。在此情况下，背靠阿里系的哈啰出行战略地位不言而喻。在ofo小黄车归属未知的情况下，哈啰出行或将成为阿里布局共享出行的重要选择。另一个事实是，即便哈啰不主动出击大出行领域，但滴滴、美团等巨头的触角已经伸进了共享单车领域。共享单车是抓流量的利器，且3公里之内的短出行与网约车的长出行有着天然的延展和互补关系。在“即便不挑战，也会被挑战”的情况下，那不如将主动权掌握在自己手中。不过在共享出行领域，以滴滴为首，易到、神州专车、首汽约车、曹操专车、嘀嗒出行、美团打车等出行平台都在攻城略地。即便作为行业龙头的滴滴，目前依然亏损390亿元（滴滴创始人程伟此前发内部信承认）。此时进军大出行领域的新参者哈啰可谓道阻且长，且其能否再创共享单车后来者居上的奇迹，也要打一个大大的问号。但诚如符绩勋在接受创业邦采访时所说，任何一个企业，即便在某一个时点上有一个里程碑式的成功，但都只是阶段性的，不是完完全全的成功。你得保持着危机感继续往前跑，不断创新，才有可能不断突破天花板。“我经常会问大牛，你下一个挑战者是谁？创业者要时刻想着你的下一个挑战对象是谁。最好是主动挑战别人（而不是被动被挑战），敢于挑选比自己更强大的对手。有目标不是一件坏事，它会激励你去寻找更多的创新，突破现有的舒适状态，那样公司才有可能更上一个层级。”看来这一次，哈啰主动选择的挑战对象是滴滴了。
ifeng,废弃共享单车成公害，空地变坟场堆积万辆，5元一辆没人要,2018年10月27日 20:47:04,原标题：废弃共享单车成公害，空地变坟场堆积万辆，5元一辆没人要很多人发现，在大街小巷各种颜色的共享单车中寻找一辆没坏的越来越难了。才短短三四年时间，当年风头无两的共享单车热潮就已逐渐散去，数量惊人的单车被困在了大大小小的“单车坟场”。原本就十分拥挤的街道也时常被横七竖八躺在地上的共享单车占据，其中不乏无法正常骑行的闲置车或“僵尸车”，因长久无人问津而布满尘土。当初共享单车玩家也已风光不再。摩拜作价27亿美元“卖身”给了美团，与滴滴纠缠不清的ofo“绯闻”仍在继续，至今生死未卜，宣布解散又被滴滴“救活”的小蓝单车至今仍未占据主流，酷骑单车、小鸣单车、町町单车等第二三梯队企业，则已经消失在了人们的视线中。从2016年“共享单车元年”的遍地开花，到2018年步入寒冬，在资本海洋中沉浮的共享单车将何去何从，还是个未知数。共享单车围城南京市江宁区静龙山内的“单车墓道”上，数万辆各种品牌的共享单车静静躺在一公里多的山道旁，有的还能正常使用。它们都是城管部门清拖的违停乱放或无牌无照的共享单车，被临时堆放在这里已长达一年之久。南京从2017年底开始为共享单车办“身份证”，共计发放了31.7万个二维码牌照，但目前该市共享单车达到63.78万辆，约一半都是“黑户”。今年8月29日，当地城管部门召集多家共享单车企业开会，要求在一周内对违规单车进行处理，同时每辆单车还要缴纳50元的罚款和15元的清车费用。然而，由于企业对处罚结果有异议，大量单车被堆放在江宁高新区协同停车场、鼓楼区、建邺区、栖霞区等十多处地点，无人理会。南京栖霞区仙林一条几百米长的路面上，堆成小山的共享单车几乎占了路面的一半，近万辆单车挤在江宁区采文路的一处被围墙环绕的空地上，还有监控和保安人员负责看管。曾有疑似ofo和摩拜的工作人员前来探寻，但最终还是没有把它们赎走。摩拜一位检测人员曾向自媒体车东西透露，由于单车企业不愿负担高昂的人力成本，每名运维人员要管理数千辆单车，根本无暇顾及这些一场车辆。负责搬运单车的一位市政人员则悲观地认为，这些单车只能在原地烂成废铁，因为“给5块钱一辆都不会有人去扒”。杭州市去年7月披露的信息显示，搬运管理2.2万辆违规共享单车产生的行政成本超过22万元，单台车管理成本将近10元。事实上，泛滥当成灾的共享单车及其引发的公共道路混乱，已成为令许多城市头疼的难题。摩拜创始人胡玮炜曾放言如果失败就当做公益，但如今的共享单车俨然成了“公害”。为了解决这一问题，各城市纷纷推出了共享单车“限额令”。去年9月，北京市交通委下发通知，叫停投放共享单车。当时北京共享单车总数已达到了235万辆，比如今的191万辆多出约20%，北京路面上共享单车数量比以往明显减少。今年初，厦门30万辆共享单车围城，其中10万辆被闲置，政府计划将单车数量削减三分之二。杭州计划将共享单车的数量减少四分之一，总数控制在50万辆左右。昆明则推出了共享单车运营管理考核制度，ofo因连续两个月垫底被回收了一万辆单车。10月24日，郑州市基于总体出行需求、早高峰期出行需求、道路承载资源、企业盈亏平衡点、常住人口数量、GDP产量、既有投放份额等原则，计划将共享单车限制在38辆，而目前ofo、摩拜、哈罗、易购宝、青桔等5家公司已经在这座城市投放了50万辆单车。多出来的12万辆，郑州市城管局负责人计划“逐渐引导企业将车辆转移出去”。在各地政府重拳出击治理之下，许多城市的共享单车正在陆续减少。而无处可去的共享单车，制造了许多个随处可见的“单车坟场”。郑州西三环淮河路一处拆迁留下的废墟中，横七竖八地堆放着数百辆各种颜色的共享单车，大多数上面已积了厚厚的一层灰，其他路口或多或少也都有成堆的共享单车乱停乱放。北京海淀区一处大门紧闭的工地里面，密密麻麻的共享单车列成了一个巨大的方阵，丰台区和通州区此前都因规模巨大的单车坟场引发热议。在安徽一处荒废的学校中，上万辆单车堆满校园。上海市静安区鸿兴路曾经的“地王”，如今也沦为共享单车的坟场。自由摄影师吴国勇利用半年时间，在上海、广州、厦门、福州、合肥、昆明等20多个城市拍摄了32个共享单车“坟场”。如今，南京江宁区的“单车墓道”上大部分单车已被清理，剩余单车也已经摆放整齐。南京江宁区经济开发区城管局一位负责人告诉中国青年报，目前有牌照的单车已在对接各家企业逐一实施归还，并做好日常管理承诺，无牌照单车还在等上级部门指示。但业内人士认为，即使暂时把这些车拉走了，它们最终也会回到“单车坟场”里。先易后难的生意如今光鲜不再的共享单车，曾是资本疯狂热捧的对象。2016年，从校园迈向城市的ofo小黄车迅速达到了日订单百万，并在当年8月拿到了A轮融资。一时间，五颜六色的共享单车大潮几乎席卷全国，甚至被网友调侃“留给共享单车的颜色不多了”，小蓝、摩拜、酷奇、哈罗等公司争相创立，融资金额高达数十亿美元。争夺市场的战争进入白热化，各大共享单车企业疯狂烧钱进行用户补贴。但正如哈罗出行CEO杨磊在GGV 变革+大会上所说，共享单车是一门先易后难的生意。去年6月，悟空单车宣布资金链断裂，推倒了共享单车热潮“退烧”的第一张多米诺骨牌。累计注册用户400多万、收取押金超过8亿元的小鸣单车宣告破产，负债高达5000多万元，因无力归还11万用户的押金被告上法庭。酷骑单车总部被要求退还押金的用户围堵。町町单车卷款跑路，富二代创始人丁伟在狱中自杀未遂。小蓝单车因要求控股权错失了与永安行低碳联手的机会，去年11月濒临解散时拖欠了200多万元的物业费和70余名供货商近两亿元。尽管交通运输部曾出台规定，明确要求共享单车企业严格区分自有资金和用户押金预付资金，实行专款专用，但去年年底，摩拜和ofo还是被财新网曝出动用押金，其中摩拜挪用押金逾40亿元，ofo挪用押金超过30亿元。共享单车市场步入发展“下半场”，小投资者加快了撤资退出的脚步，曾经炙手可热的共享单车的彻底迎来了寒冬。ofo投资人朱啸虎开始频繁在公开场合呼吁ofo和摩拜尽快合并，结束早已白热化的补贴之战。“2017年我们都处在没钱的状态，稍不小心就会死掉。”哈罗出行的创始人杨磊曾如是说。在无钱可烧，自身又找不到盈利点的情况下，拥抱互联网巨头似乎成了共享单车企业活下去的最后一根救命稻草。去年10月，哈罗出行与永安行低碳合并，赢得阿里系持续输血。今年4月，摩拜作价27亿美元“卖身”给了美团，这个价格远低于其最后一轮融资估值36.7亿美元，王兴对此坦言，“这是快烫手山芋，至今看不到盈利模式”。小蓝单车的车辆资产和单车投放指标被滴滴接手，但后者并未负责偿还小蓝欠下的供应商欠款和用户押金。坚持独立运营的ofo，则在崩溃边缘苦苦挣扎。滴滴要花20亿美元收购ofo的传闻满天飞，但屡次被双方否认，近来又有人曝出和ofo洽谈的其实是哈罗单车。而至今仍在“负隅顽抗”的ofo频频曝出降薪裁员、资金链断裂、高管离职、办公场所收缩等负面消息，还因债务纠纷与凤凰自行车公司和百世物流对簿公堂。10月22日，ofo宣布创始人戴威将不再担任ofo运营主体东峡大通（北京）管理咨询有限公司的法人代表，并退出了公司董事会，由公司五号员工陈正江取而代之。虽然在公司申明戴威还是实际控制人，不存在“让位”一说，但外界普遍认为，他只不过是以一种相对体面的方式出局。这意味着，ofo的“独立保卫战”可能走到了尽头。外界开始猜测，素来有共享单车老大之称的ofo，还能否顺利熬过这个冬天。
163,捷安特：共享单车冲击大 摧毁我们中国市场65%销量,2018-11-18 19:00:26,钱童心“共享单车对我们的冲击很大，我们（中国大陆）65%的销售额都不见了。”上周在溢达集团主办的一年一度的“十如对话”中，自行车巨头捷安特生产商台湾巨大集团董事长杜绣珍接受第一财经记者专访时透露。巨大集团是全球最具规模的自行车生产商之一，捷安特在中国大陆设有六个工厂，分布在昆山、天津与成都。过去捷安特在中国大陆一年销量可以保持在300万辆，但到了去年，受到共享单车等因素的冲击，捷安特一年的销量不足百万辆。“过去是一个中国撑起整个世界的生产，这些工厂制造、供应着全球大多数捷安特的产品。”杜绣珍对第一财经记者表示，“以后这种模式要发生变化了，要更多地转向短链供应，快速回应市场。”不过，国内的共享单车市场也开始遇冷，一些企业已经入不敷支，甚至还不起供应商欠款。第一财经记者日前在路过北京机场高速时就发现，在高速公路两边，各色废弃的共享单车像小山似地堆在路边，无人管理。共享单车的模式在全球都已经开始普及。比如在纽约有CitiBike，在旧金山有JumpBike，在巴黎有Velib，在柏林有OBike等等。而且越来越多的共享打车平台因为看好低碳环保出行而投资了共享单车企业，比如Uber在收购JumpBike之后，近期又与谷歌一起了共享单车LimeBike；而Uber在美国最大的竞争对手Lyft也投资了共享单车Motivate。欧美城市对于共享单车的需求也推升了自行车的出口量。巨大集团本月公布的最新一季度财报显示，欧洲市场表现最好，前三季度营收呈现双位数增长，而主要增长的动力来自该市场对于电动自行车（e-bike）的需求。捷安特电动自行车的销量增长超过40%。根据欧盟的统计数据，中国出口欧盟的电动自行车数量从2014年至2017年翻了三番，市场份额占到欧盟电动自行车市场份额的35%，而平均价格在三年里却回落了11%。由于进口的电动自行车严重冲击了欧洲本土自行车厂商，对此，欧盟已经开始研究一项对于进口自行车21.8%至83.6%不等的自行车进口关税，并将于明年实施，而捷安特的进口关税可能增长至27.5%。
